#
# There is insufficient memory for the Java Runtime Environment to continue.
# Native memory allocation (mmap) failed to map 184549376 bytes. Error detail: G1 virtual space
# Possible reasons:
#   The system is out of physical RAM or swap space
#   This process is running with CompressedOops enabled, and the Java Heap may be blocking the growth of the native heap
# Possible solutions:
#   Reduce memory load on the system
#   Increase physical memory or swap space
#   Check if swap backing store is full
#   Decrease Java heap size (-Xmx/-Xms)
#   Decrease number of Java threads
#   Decrease Java thread stack sizes (-Xss)
#   Set larger code cache with -XX:ReservedCodeCacheSize=
#   JVM is running with Zero Based Compressed Oops mode in which the Java heap is
#     placed in the first 32GB address space. The Java Heap base address is the
#     maximum limit for the native heap growth. Please use -XX:HeapBaseMinAddress
#     to set the Java Heap base and to place the Java Heap above 32GB virtual address.
# This output file may be truncated or incomplete.
#
#  Out of Memory Error (os_windows.cpp:3714), pid=32400, tid=8868
#
# JRE version: OpenJDK Runtime Environment Temurin-21.0.10+7 (21.0.10+7) (build 21.0.10+7-LTS)
# Java VM: OpenJDK 64-Bit Server VM Temurin-21.0.10+7 (21.0.10+7-LTS, mixed mode, sharing, tiered, compressed oops, compressed class ptrs, g1 gc, windows-amd64)
# No core dump will be written. Minidumps are not enabled by default on client versions of Windows
#

---------------  S U M M A R Y ------------

Command Line: --add-opens=java.base/java.lang=ALL-UNNAMED --add-opens=java.base/java.lang.invoke=ALL-UNNAMED --add-opens=java.base/java.util=ALL-UNNAMED --add-opens=java.prefs/java.util.prefs=ALL-UNNAMED --add-exports=jdk.compiler/com.sun.tools.javac.api=ALL-UNNAMED --add-exports=jdk.compiler/com.sun.tools.javac.util=ALL-UNNAMED --add-opens=java.base/java.util=ALL-UNNAMED --add-opens=java.prefs/java.util.prefs=ALL-UNNAMED --add-opens=java.base/java.nio.charset=ALL-UNNAMED --add-opens=java.base/java.net=ALL-UNNAMED --add-opens=java.base/java.util.concurrent.atomic=ALL-UNNAMED --add-opens=java.xml/javax.xml.namespace=ALL-UNNAMED -XX:MaxMetaspaceSize=4G -XX:ReservedCodeCacheSize=512m -XX:+HeapDumpOnOutOfMemoryError --enable-native-access=ALL-UNNAMED -Xmx8G -Dfile.encoding=UTF-8 -Duser.country=US -Duser.language=en -Duser.variant -javaagent:D:\flutter_tools\gradle\wrapper\dists\gradle-8.14-all\c2qonpi39x1mddn7hk5gh9iqj\gradle-8.14\lib\agents\gradle-instrumentation-agent-8.14.jar org.gradle.launcher.daemon.bootstrap.GradleDaemon 8.14

Host: Intel(R) Core(TM) i5-10300H CPU @ 2.50GHz, 8 cores, 15G,  Windows 11 , 64 bit Build 26100 (10.0.26100.7859)
Time: Fri Apr 24 17:14:28 2026 India Standard Time elapsed time: 105.620936 seconds (0d 0h 1m 45s)

---------------  T H R E A D  ---------------

Current thread (0x000001747fc7a790):  VMThread "VM Thread"          [id=8868, stack(0x0000006299900000,0x0000006299a00000) (1024K)]

Stack: [0x0000006299900000,0x0000006299a00000]
Native frames: (J=compiled Java code, j=interpreted, Vv=VM code, C=native code)
V  [jvm.dll+0x6d7a39]
V  [jvm.dll+0x8b4b26]
V  [jvm.dll+0x8b70de]
V  [jvm.dll+0x8b77c3]
V  [jvm.dll+0x284346]
V  [jvm.dll+0x6d4355]
V  [jvm.dll+0x6c808a]
V  [jvm.dll+0x35edb8]
V  [jvm.dll+0x3669f6]
V  [jvm.dll+0x3b7afe]
V  [jvm.dll+0x3b7da8]
V  [jvm.dll+0x332fbc]
V  [jvm.dll+0x333047]
V  [jvm.dll+0x376e1c]
V  [jvm.dll+0x3755be]
V  [jvm.dll+0x332701]
V  [jvm.dll+0x374c2a]
V  [jvm.dll+0x8bd4b0]
V  [jvm.dll+0x8be824]
V  [jvm.dll+0x8bed50]
V  [jvm.dll+0x8beff3]
V  [jvm.dll+0x85f59d]
V  [jvm.dll+0x6d626d]
C  [ucrtbase.dll+0x37b0]
C  [KERNEL32.DLL+0x2e8d7]
C  [ntdll.dll+0x8c48c]

VM_Operation (0x000000629f5fa000): G1CollectForAllocation, mode: safepoint, requested by thread 0x0000017483d5a0a0


---------------  P R O C E S S  ---------------

Threads class SMR info:
_java_thread_list=0x000001748ac38a90, length=127, elements={
0x000001747b350340, 0x000001742b5680b0, 0x000001742b568b10, 0x000001742b56b580,
0x000001742b56c5f0, 0x000001742b571d80, 0x000001742b5723f0, 0x000001742b57aa10,
0x000001742b57e850, 0x000001742b74ca10, 0x000001742b893670, 0x0000017472767150,
0x0000017472833640, 0x0000017472761140, 0x00000174729995a0, 0x0000017472999c10,
0x00000174729cf900, 0x00000174729ee4c0, 0x00000174729e8940, 0x00000174729e82b0,
0x00000174729e7590, 0x00000174729e9660, 0x00000174729e8fd0, 0x00000174729e61e0,
0x00000174729e6870, 0x00000174729e6f00, 0x0000017472c0fc10, 0x0000017472c102a0,
0x00000174736f7080, 0x00000174736f7710, 0x00000174736f4290, 0x00000174736f7da0,
0x00000174736f8430, 0x0000017483e391f0, 0x0000017483e3bfe0, 0x0000017483e3ac30,
0x0000017483e39880, 0x0000017483e38b60, 0x0000017483e39f10, 0x0000017483e3a5a0,
0x0000017483e3b2c0, 0x0000017483e3b950, 0x0000017472c14ad0, 0x00000174837867d0,
0x0000017483785ab0, 0x0000017483784070, 0x0000017483784d90, 0x0000017483784700,
0x00000174837888a0, 0x0000017483786e60, 0x00000174837874f0, 0x0000017483785420,
0x0000017483786140, 0x0000017483788f30, 0x0000017483789c50, 0x00000174837895c0,
0x0000017489b62540, 0x0000017489b5f750, 0x0000017489b62bd0, 0x0000017489b63260,
0x0000017489b5fde0, 0x0000017489b659c0, 0x0000017489b638f0, 0x0000017489b63f80,
0x0000017489b64610, 0x0000017489b64ca0, 0x0000017489b65330, 0x0000017489b66050,
0x0000017489b666e0, 0x0000017483d58660, 0x0000017483d57fd0, 0x0000017483d56c20,
0x0000017483d572b0, 0x0000017483d57940, 0x0000017483d5a730, 0x0000017483d5b450,
0x0000017483d58cf0, 0x0000017483d5bae0, 0x0000017483d59380, 0x0000017483d5c170,
0x0000017483d5adc0, 0x0000017483d5a0a0, 0x0000017483d5c800, 0x0000017483d5ce90,
0x0000017483d59a10, 0x0000017489052790, 0x00000174890506c0, 0x00000174890534b0,
0x00000174890513e0, 0x0000017489051a70, 0x0000017489052100, 0x0000017489053b40,
0x0000017489052e20, 0x00000174890541d0, 0x0000017489050d50, 0x0000017489055580,
0x0000017477906f00, 0x0000017477904110, 0x00000174779047a0, 0x0000017477906870,
0x00000174779061e0, 0x0000017477903a80, 0x0000017477905b50, 0x0000017477907c20,
0x00000174779054c0, 0x00000174779082b0, 0x0000017477904e30, 0x0000017477909cf0,
0x000001747790a380, 0x0000017477908940, 0x000001747790aa10, 0x000001747790b0a0,
0x0000017477908fd0, 0x0000017477909660, 0x000001747327b3a0, 0x000001747327eeb0,
0x000001747327c750, 0x000001747327ba30, 0x000001747327c0c0, 0x000001747327e820,
0x000001747327cde0, 0x000001747327db00, 0x000001747327e190, 0x00000174732864d0,
0x000001748c2ee3c0, 0x000001748ae1a390, 0x000001748c6fe9c0
}

Java Threads: ( => current thread )
  0x000001747b350340 JavaThread "main"                              [_thread_blocked, id=25396, stack(0x0000006299200000,0x0000006299300000) (1024K)]
  0x000001742b5680b0 JavaThread "Reference Handler"          daemon [_thread_blocked, id=29440, stack(0x0000006299a00000,0x0000006299b00000) (1024K)]
  0x000001742b568b10 JavaThread "Finalizer"                  daemon [_thread_blocked, id=28576, stack(0x0000006299b00000,0x0000006299c00000) (1024K)]
  0x000001742b56b580 JavaThread "Signal Dispatcher"          daemon [_thread_blocked, id=35184, stack(0x0000006299c00000,0x0000006299d00000) (1024K)]
  0x000001742b56c5f0 JavaThread "Attach Listener"            daemon [_thread_blocked, id=26272, stack(0x0000006299d00000,0x0000006299e00000) (1024K)]
  0x000001742b571d80 JavaThread "Service Thread"             daemon [_thread_blocked, id=7272, stack(0x0000006299e00000,0x0000006299f00000) (1024K)]
  0x000001742b5723f0 JavaThread "Monitor Deflation Thread"   daemon [_thread_blocked, id=16088, stack(0x0000006299f00000,0x000000629a000000) (1024K)]
  0x000001742b57aa10 JavaThread "C2 CompilerThread0"         daemon [_thread_blocked, id=27908, stack(0x000000629a000000,0x000000629a100000) (1024K)]
  0x000001742b57e850 JavaThread "C1 CompilerThread0"         daemon [_thread_blocked, id=17720, stack(0x000000629a100000,0x000000629a200000) (1024K)]
  0x000001742b74ca10 JavaThread "Common-Cleaner"             daemon [_thread_blocked, id=7320, stack(0x000000629a200000,0x000000629a300000) (1024K)]
  0x000001742b893670 JavaThread "Notification Thread"        daemon [_thread_blocked, id=33184, stack(0x000000629a300000,0x000000629a400000) (1024K)]
  0x0000017472767150 JavaThread "Daemon health stats"               [_thread_blocked, id=7588, stack(0x000000629ab00000,0x000000629ac00000) (1024K)]
  0x0000017472833640 JavaThread "Incoming local TCP Connector on port 56786"        [_thread_in_native, id=9200, stack(0x000000629ac00000,0x000000629ad00000) (1024K)]
  0x0000017472761140 JavaThread "Daemon periodic checks"            [_thread_blocked, id=29856, stack(0x000000629ad00000,0x000000629ae00000) (1024K)]
  0x00000174729995a0 JavaThread "Daemon"                            [_thread_blocked, id=29936, stack(0x000000629ae00000,0x000000629af00000) (1024K)]
  0x0000017472999c10 JavaThread "Handler for socket connection from /127.0.0.1:56786 to /127.0.0.1:56787"        [_thread_in_native, id=35376, stack(0x000000629af00000,0x000000629b000000) (1024K)]
  0x00000174729cf900 JavaThread "Cancel handler"                    [_thread_blocked, id=9292, stack(0x000000629b000000,0x000000629b100000) (1024K)]
  0x00000174729ee4c0 JavaThread "Daemon worker"                     [_thread_blocked, id=34512, stack(0x000000629b100000,0x000000629b200000) (1024K)]
  0x00000174729e8940 JavaThread "Asynchronous log dispatcher for DefaultDaemonConnection: socket connection from /127.0.0.1:56786 to /127.0.0.1:56787"        [_thread_blocked, id=16028, stack(0x000000629b200000,0x000000629b300000) (1024K)]
  0x00000174729e82b0 JavaThread "Stdin handler"                     [_thread_blocked, id=12672, stack(0x000000629b300000,0x000000629b400000) (1024K)]
  0x00000174729e7590 JavaThread "Daemon client event forwarder"        [_thread_blocked, id=20264, stack(0x000000629b400000,0x000000629b500000) (1024K)]
  0x00000174729e9660 JavaThread "Cache worker for journal cache (D:\flutter_tools\gradle\caches\journal-1)"        [_thread_blocked, id=4140, stack(0x000000629b700000,0x000000629b800000) (1024K)]
  0x00000174729e8fd0 JavaThread "File lock request listener"        [_thread_in_native, id=14280, stack(0x000000629b800000,0x000000629b900000) (1024K)]
  0x00000174729e61e0 JavaThread "Cache worker for file hash cache (D:\flutter_tools\gradle\caches\8.14\fileHashes)"        [_thread_blocked, id=6044, stack(0x000000629b900000,0x000000629ba00000) (1024K)]
  0x00000174729e6870 JavaThread "Cache worker for file hash cache (D:\sunkidz\mobile\android\.gradle\8.14\fileHashes)"        [_thread_blocked, id=10952, stack(0x000000629bb00000,0x000000629bc00000) (1024K)]
  0x00000174729e6f00 JavaThread "Cache worker for Build Output Cleanup Cache (D:\sunkidz\mobile\android\.gradle\buildOutputCleanup)"        [_thread_blocked, id=28084, stack(0x000000629bc00000,0x000000629bd00000) (1024K)]
  0x0000017472c0fc10 JavaThread "File watcher server"        daemon [_thread_in_native, id=30304, stack(0x000000629bd00000,0x000000629be00000) (1024K)]
  0x0000017472c102a0 JavaThread "File watcher consumer"      daemon [_thread_blocked, id=30116, stack(0x000000629be00000,0x000000629bf00000) (1024K)]
  0x00000174736f7080 JavaThread "Cache worker for checksums cache (D:\sunkidz\mobile\android\.gradle\8.14\checksums)"        [_thread_blocked, id=33120, stack(0x000000629aa00000,0x000000629ab00000) (1024K)]
  0x00000174736f7710 JavaThread "Cache worker for file content cache (D:\flutter_tools\gradle\caches\8.14\fileContent)"        [_thread_blocked, id=28612, stack(0x000000629bf00000,0x000000629c000000) (1024K)]
  0x00000174736f4290 JavaThread "Cache worker for cache directory md-supplier (D:\flutter_tools\gradle\caches\8.14\md-supplier)"        [_thread_blocked, id=21368, stack(0x000000629c000000,0x000000629c100000) (1024K)]
  0x00000174736f7da0 JavaThread "Cache worker for cache directory md-rule (D:\flutter_tools\gradle\caches\8.14\md-rule)"        [_thread_blocked, id=31568, stack(0x000000629c100000,0x000000629c200000) (1024K)]
  0x00000174736f8430 JavaThread "Cache worker for Build Output Cleanup Cache (D:\flutter\packages\flutter_tools\gradle\.gradle\buildOutputCleanup)"        [_thread_blocked, id=24740, stack(0x000000629c300000,0x000000629c400000) (1024K)]
  0x0000017483e391f0 JavaThread "Unconstrained build operations"        [_thread_blocked, id=3088, stack(0x000000629c400000,0x000000629c500000) (1024K)]
  0x0000017483e3bfe0 JavaThread "Unconstrained build operations Thread 2"        [_thread_blocked, id=33452, stack(0x000000629c500000,0x000000629c600000) (1024K)]
  0x0000017483e3ac30 JavaThread "Unconstrained build operations Thread 3"        [_thread_blocked, id=36520, stack(0x000000629c600000,0x000000629c700000) (1024K)]
  0x0000017483e39880 JavaThread "Unconstrained build operations Thread 4"        [_thread_blocked, id=36664, stack(0x000000629c700000,0x000000629c800000) (1024K)]
  0x0000017483e38b60 JavaThread "Unconstrained build operations Thread 5"        [_thread_blocked, id=35068, stack(0x000000629c800000,0x000000629c900000) (1024K)]
  0x0000017483e39f10 JavaThread "Unconstrained build operations Thread 6"        [_thread_blocked, id=30928, stack(0x000000629c900000,0x000000629ca00000) (1024K)]
  0x0000017483e3a5a0 JavaThread "Unconstrained build operations Thread 7"        [_thread_blocked, id=37652, stack(0x000000629ca00000,0x000000629cb00000) (1024K)]
  0x0000017483e3b2c0 JavaThread "Unconstrained build operations Thread 8"        [_thread_blocked, id=9888, stack(0x000000629cb00000,0x000000629cc00000) (1024K)]
  0x0000017483e3b950 JavaThread "Unconstrained build operations Thread 9"        [_thread_blocked, id=616, stack(0x000000629cc00000,0x000000629cd00000) (1024K)]
  0x0000017472c14ad0 JavaThread "Unconstrained build operations Thread 10"        [_thread_blocked, id=3840, stack(0x000000629cd00000,0x000000629ce00000) (1024K)]
  0x00000174837867d0 JavaThread "Unconstrained build operations Thread 11"        [_thread_blocked, id=21200, stack(0x000000629ce00000,0x000000629cf00000) (1024K)]
  0x0000017483785ab0 JavaThread "Unconstrained build operations Thread 12"        [_thread_blocked, id=33924, stack(0x000000629cf00000,0x000000629d000000) (1024K)]
  0x0000017483784070 JavaThread "Unconstrained build operations Thread 13"        [_thread_blocked, id=24072, stack(0x000000629d000000,0x000000629d100000) (1024K)]
  0x0000017483784d90 JavaThread "Unconstrained build operations Thread 14"        [_thread_blocked, id=15036, stack(0x000000629d100000,0x000000629d200000) (1024K)]
  0x0000017483784700 JavaThread "Unconstrained build operations Thread 15"        [_thread_blocked, id=31320, stack(0x000000629d200000,0x000000629d300000) (1024K)]
  0x00000174837888a0 JavaThread "Unconstrained build operations Thread 16"        [_thread_blocked, id=27656, stack(0x000000629d300000,0x000000629d400000) (1024K)]
  0x0000017483786e60 JavaThread "Unconstrained build operations Thread 17"        [_thread_blocked, id=33656, stack(0x000000629d400000,0x000000629d500000) (1024K)]
  0x00000174837874f0 JavaThread "Unconstrained build operations Thread 18"        [_thread_blocked, id=31680, stack(0x000000629d500000,0x000000629d600000) (1024K)]
  0x0000017483785420 JavaThread "Unconstrained build operations Thread 19"        [_thread_blocked, id=36044, stack(0x000000629d600000,0x000000629d700000) (1024K)]
  0x0000017483786140 JavaThread "Unconstrained build operations Thread 20"        [_thread_blocked, id=28880, stack(0x000000629d700000,0x000000629d800000) (1024K)]
  0x0000017483788f30 JavaThread "Unconstrained build operations Thread 21"        [_thread_blocked, id=6464, stack(0x000000629d800000,0x000000629d900000) (1024K)]
  0x0000017483789c50 JavaThread "Memory manager"                    [_thread_blocked, id=34792, stack(0x000000629d900000,0x000000629da00000) (1024K)]
  0x00000174837895c0 JavaThread "build event listener"              [_thread_blocked, id=15056, stack(0x000000629da00000,0x000000629db00000) (1024K)]
  0x0000017489b62540 JavaThread "Execution worker"                  [_thread_blocked, id=2184, stack(0x000000629dc00000,0x000000629dd00000) (1024K)]
  0x0000017489b5f750 JavaThread "Execution worker Thread 2"         [_thread_blocked, id=5432, stack(0x000000629dd00000,0x000000629de00000) (1024K)]
  0x0000017489b62bd0 JavaThread "Execution worker Thread 3"         [_thread_blocked, id=6580, stack(0x000000629de00000,0x000000629df00000) (1024K)]
  0x0000017489b63260 JavaThread "Execution worker Thread 4"         [_thread_blocked, id=6520, stack(0x000000629df00000,0x000000629e000000) (1024K)]
  0x0000017489b5fde0 JavaThread "Execution worker Thread 5"         [_thread_blocked, id=17428, stack(0x000000629e000000,0x000000629e100000) (1024K)]
  0x0000017489b659c0 JavaThread "Execution worker Thread 6"         [_thread_blocked, id=22940, stack(0x000000629e100000,0x000000629e200000) (1024K)]
  0x0000017489b638f0 JavaThread "Execution worker Thread 7"         [_thread_blocked, id=8380, stack(0x000000629e200000,0x000000629e300000) (1024K)]
  0x0000017489b63f80 JavaThread "Cache worker for execution history cache (D:\flutter\packages\flutter_tools\gradle\.gradle\8.14\executionHistory)"        [_thread_blocked, id=30428, stack(0x000000629e300000,0x000000629e400000) (1024K)]
  0x0000017489b64610 JavaThread "Unconstrained build operations Thread 22"        [_thread_blocked, id=24908, stack(0x000000629e400000,0x000000629e500000) (1024K)]
  0x0000017489b64ca0 JavaThread "Unconstrained build operations Thread 23"        [_thread_blocked, id=29600, stack(0x000000629e500000,0x000000629e600000) (1024K)]
  0x0000017489b65330 JavaThread "Unconstrained build operations Thread 24"        [_thread_blocked, id=1356, stack(0x000000629e600000,0x000000629e700000) (1024K)]
  0x0000017489b66050 JavaThread "Unconstrained build operations Thread 25"        [_thread_blocked, id=27900, stack(0x000000629e700000,0x000000629e800000) (1024K)]
  0x0000017489b666e0 JavaThread "Unconstrained build operations Thread 26"        [_thread_blocked, id=29028, stack(0x000000629e800000,0x000000629e900000) (1024K)]
  0x0000017483d58660 JavaThread "Unconstrained build operations Thread 27"        [_thread_blocked, id=22256, stack(0x000000629e900000,0x000000629ea00000) (1024K)]
  0x0000017483d57fd0 JavaThread "Unconstrained build operations Thread 28"        [_thread_blocked, id=4948, stack(0x000000629ea00000,0x000000629eb00000) (1024K)]
  0x0000017483d56c20 JavaThread "Unconstrained build operations Thread 29"        [_thread_blocked, id=35260, stack(0x000000629eb00000,0x000000629ec00000) (1024K)]
  0x0000017483d572b0 JavaThread "Unconstrained build operations Thread 30"        [_thread_blocked, id=33928, stack(0x000000629ec00000,0x000000629ed00000) (1024K)]
  0x0000017483d57940 JavaThread "Unconstrained build operations Thread 31"        [_thread_blocked, id=30484, stack(0x000000629ed00000,0x000000629ee00000) (1024K)]
  0x0000017483d5a730 JavaThread "Unconstrained build operations Thread 32"        [_thread_blocked, id=32380, stack(0x000000629ee00000,0x000000629ef00000) (1024K)]
  0x0000017483d5b450 JavaThread "Unconstrained build operations Thread 33"        [_thread_blocked, id=8604, stack(0x000000629ef00000,0x000000629f000000) (1024K)]
  0x0000017483d58cf0 JavaThread "Unconstrained build operations Thread 34"        [_thread_blocked, id=28996, stack(0x000000629f000000,0x000000629f100000) (1024K)]
  0x0000017483d5bae0 JavaThread "Unconstrained build operations Thread 35"        [_thread_blocked, id=5512, stack(0x000000629f100000,0x000000629f200000) (1024K)]
  0x0000017483d59380 JavaThread "Unconstrained build operations Thread 36"        [_thread_blocked, id=28892, stack(0x000000629f200000,0x000000629f300000) (1024K)]
  0x0000017483d5c170 JavaThread "Unconstrained build operations Thread 37"        [_thread_blocked, id=37632, stack(0x000000629f300000,0x000000629f400000) (1024K)]
  0x0000017483d5adc0 JavaThread "Unconstrained build operations Thread 38"        [_thread_blocked, id=14936, stack(0x000000629f400000,0x000000629f500000) (1024K)]
  0x0000017483d5a0a0 JavaThread "Unconstrained build operations Thread 39"        [_thread_blocked, id=25640, stack(0x000000629f500000,0x000000629f600000) (1024K)]
  0x0000017483d5c800 JavaThread "Unconstrained build operations Thread 40"        [_thread_blocked, id=1516, stack(0x000000629f600000,0x000000629f700000) (1024K)]
  0x0000017483d5ce90 JavaThread "Unconstrained build operations Thread 41"        [_thread_blocked, id=36240, stack(0x000000629f700000,0x000000629f800000) (1024K)]
  0x0000017483d59a10 JavaThread "Unconstrained build operations Thread 42"        [_thread_blocked, id=3280, stack(0x000000629f800000,0x000000629f900000) (1024K)]
  0x0000017489052790 JavaThread "Unconstrained build operations Thread 43"        [_thread_blocked, id=19680, stack(0x000000629a400000,0x000000629a500000) (1024K)]
  0x00000174890506c0 JavaThread "Unconstrained build operations Thread 44"        [_thread_blocked, id=24336, stack(0x000000629c200000,0x000000629c300000) (1024K)]
  0x00000174890534b0 JavaThread "Unconstrained build operations Thread 45"        [_thread_blocked, id=33552, stack(0x000000629fc00000,0x000000629fd00000) (1024K)]
  0x00000174890513e0 JavaThread "Unconstrained build operations Thread 46"        [_thread_blocked, id=16132, stack(0x000000629fd00000,0x000000629fe00000) (1024K)]
  0x0000017489051a70 JavaThread "Unconstrained build operations Thread 47"        [_thread_blocked, id=32960, stack(0x000000629fe00000,0x000000629ff00000) (1024K)]
  0x0000017489052100 JavaThread "Unconstrained build operations Thread 48"        [_thread_blocked, id=25176, stack(0x000000629ff00000,0x00000062a0000000) (1024K)]
  0x0000017489053b40 JavaThread "Unconstrained build operations Thread 49"        [_thread_blocked, id=28964, stack(0x00000062a0000000,0x00000062a0100000) (1024K)]
  0x0000017489052e20 JavaThread "Unconstrained build operations Thread 50"        [_thread_blocked, id=37176, stack(0x00000062a0100000,0x00000062a0200000) (1024K)]
  0x00000174890541d0 JavaThread "Unconstrained build operations Thread 51"        [_thread_blocked, id=32160, stack(0x00000062a0200000,0x00000062a0300000) (1024K)]
  0x0000017489050d50 JavaThread "Unconstrained build operations Thread 52"        [_thread_blocked, id=18640, stack(0x00000062a0300000,0x00000062a0400000) (1024K)]
  0x0000017489055580 JavaThread "Unconstrained build operations Thread 53"        [_thread_blocked, id=14572, stack(0x00000062a0400000,0x00000062a0500000) (1024K)]
  0x0000017477906f00 JavaThread "Unconstrained build operations Thread 54"        [_thread_blocked, id=8064, stack(0x00000062a0500000,0x00000062a0600000) (1024K)]
  0x0000017477904110 JavaThread "Unconstrained build operations Thread 55"        [_thread_blocked, id=16856, stack(0x00000062a0600000,0x00000062a0700000) (1024K)]
  0x00000174779047a0 JavaThread "Unconstrained build operations Thread 56"        [_thread_blocked, id=37416, stack(0x00000062a0700000,0x00000062a0800000) (1024K)]
  0x0000017477906870 JavaThread "Unconstrained build operations Thread 57"        [_thread_blocked, id=13792, stack(0x00000062a0800000,0x00000062a0900000) (1024K)]
  0x00000174779061e0 JavaThread "Unconstrained build operations Thread 58"        [_thread_blocked, id=24764, stack(0x00000062a0900000,0x00000062a0a00000) (1024K)]
  0x0000017477903a80 JavaThread "Unconstrained build operations Thread 59"        [_thread_blocked, id=29052, stack(0x00000062a0a00000,0x00000062a0b00000) (1024K)]
  0x0000017477905b50 JavaThread "Unconstrained build operations Thread 60"        [_thread_blocked, id=29360, stack(0x00000062a0b00000,0x00000062a0c00000) (1024K)]
  0x0000017477907c20 JavaThread "Unconstrained build operations Thread 61"        [_thread_blocked, id=18392, stack(0x00000062a0c00000,0x00000062a0d00000) (1024K)]
  0x00000174779054c0 JavaThread "Unconstrained build operations Thread 62"        [_thread_blocked, id=23084, stack(0x00000062a0d00000,0x00000062a0e00000) (1024K)]
  0x00000174779082b0 JavaThread "Unconstrained build operations Thread 63"        [_thread_blocked, id=14308, stack(0x00000062a0e00000,0x00000062a0f00000) (1024K)]
  0x0000017477904e30 JavaThread "Unconstrained build operations Thread 64"        [_thread_blocked, id=26124, stack(0x00000062a0f00000,0x00000062a1000000) (1024K)]
  0x0000017477909cf0 JavaThread "Unconstrained build operations Thread 65"        [_thread_blocked, id=37772, stack(0x00000062a1000000,0x00000062a1100000) (1024K)]
  0x000001747790a380 JavaThread "Unconstrained build operations Thread 66"        [_thread_blocked, id=31108, stack(0x00000062a1100000,0x00000062a1200000) (1024K)]
  0x0000017477908940 JavaThread "Unconstrained build operations Thread 67"        [_thread_blocked, id=15920, stack(0x00000062a1200000,0x00000062a1300000) (1024K)]
  0x000001747790aa10 JavaThread "Unconstrained build operations Thread 68"        [_thread_blocked, id=21300, stack(0x00000062a1300000,0x00000062a1400000) (1024K)]
  0x000001747790b0a0 JavaThread "Unconstrained build operations Thread 69"        [_thread_blocked, id=14596, stack(0x000000629f900000,0x000000629fa00000) (1024K)]
  0x0000017477908fd0 JavaThread "Unconstrained build operations Thread 70"        [_thread_blocked, id=32840, stack(0x000000629fa00000,0x000000629fb00000) (1024K)]
  0x0000017477909660 JavaThread "Unconstrained build operations Thread 71"        [_thread_blocked, id=9688, stack(0x00000062a1400000,0x00000062a1500000) (1024K)]
  0x000001747327b3a0 JavaThread "Unconstrained build operations Thread 72"        [_thread_blocked, id=13980, stack(0x00000062a1500000,0x00000062a1600000) (1024K)]
  0x000001747327eeb0 JavaThread "Unconstrained build operations Thread 73"        [_thread_blocked, id=19516, stack(0x00000062a1600000,0x00000062a1700000) (1024K)]
  0x000001747327c750 JavaThread "Unconstrained build operations Thread 74"        [_thread_blocked, id=23300, stack(0x00000062a1700000,0x00000062a1800000) (1024K)]
  0x000001747327ba30 JavaThread "Unconstrained build operations Thread 75"        [_thread_blocked, id=32184, stack(0x0000006298f00000,0x0000006299000000) (1024K)]
  0x000001747327c0c0 JavaThread "Unconstrained build operations Thread 76"        [_thread_blocked, id=36728, stack(0x00000062a1800000,0x00000062a1900000) (1024K)]
  0x000001747327e820 JavaThread "Unconstrained build operations Thread 77"        [_thread_blocked, id=18020, stack(0x00000062a1900000,0x00000062a1a00000) (1024K)]
  0x000001747327cde0 JavaThread "Unconstrained build operations Thread 78"        [_thread_blocked, id=13292, stack(0x00000062a1a00000,0x00000062a1b00000) (1024K)]
  0x000001747327db00 JavaThread "Unconstrained build operations Thread 79"        [_thread_blocked, id=23500, stack(0x00000062a1b00000,0x00000062a1c00000) (1024K)]
  0x000001747327e190 JavaThread "Unconstrained build operations Thread 80"        [_thread_blocked, id=6280, stack(0x00000062a1c00000,0x00000062a1d00000) (1024K)]
  0x00000174732864d0 JavaThread "Kotlin DSL Writer"                 [_thread_blocked, id=32228, stack(0x00000062a2000000,0x00000062a2100000) (1024K)]
  0x000001748c2ee3c0 JavaThread "build event listener"              [_thread_blocked, id=23008, stack(0x00000062a1f00000,0x00000062a2000000) (1024K)]
  0x000001748ae1a390 JavaThread "jar transforms"                    [_thread_blocked, id=17352, stack(0x00000062a2200000,0x00000062a2300000) (1024K)]
  0x000001748c6fe9c0 JavaThread "C2 CompilerThread1"         daemon [_thread_blocked, id=13976, stack(0x0000006299000000,0x0000006299100000) (1024K)]
Total: 127

Other Threads:
=>0x000001747fc7a790 VMThread "VM Thread"                           [id=8868, stack(0x0000006299900000,0x0000006299a00000) (1024K)]
  0x000001747fc69ea0 WatcherThread "VM Periodic Task Thread"        [id=17080, stack(0x0000006299800000,0x0000006299900000) (1024K)]
  0x000001747fad1120 WorkerThread "GC Thread#0"                     [id=26136, stack(0x0000006299300000,0x0000006299400000) (1024K)]
  0x000001747107e6e0 WorkerThread "GC Thread#1"                     [id=19276, stack(0x000000629a500000,0x000000629a600000) (1024K)]
  0x000001747107ea90 WorkerThread "GC Thread#2"                     [id=29104, stack(0x000000629a600000,0x000000629a700000) (1024K)]
  0x000001742b915a80 WorkerThread "GC Thread#3"                     [id=15632, stack(0x000000629a700000,0x000000629a800000) (1024K)]
  0x000001742b915e30 WorkerThread "GC Thread#4"                     [id=35956, stack(0x000000629a800000,0x000000629a900000) (1024K)]
  0x0000017471073cd0 WorkerThread "GC Thread#5"                     [id=31556, stack(0x000000629a900000,0x000000629aa00000) (1024K)]
  0x0000017471074080 WorkerThread "GC Thread#6"                     [id=21088, stack(0x000000629b500000,0x000000629b600000) (1024K)]
  0x0000017471074b90 WorkerThread "GC Thread#7"                     [id=1480, stack(0x000000629b600000,0x000000629b700000) (1024K)]
  0x000001747b3cb9c0 ConcurrentGCThread "G1 Main Marker"            [id=33576, stack(0x0000006299400000,0x0000006299500000) (1024K)]
  0x000001747b3cc3e0 WorkerThread "G1 Conc#0"                       [id=3964, stack(0x0000006299500000,0x0000006299600000) (1024K)]
  0x0000017473f88500 WorkerThread "G1 Conc#1"                       [id=26640, stack(0x000000629ba00000,0x000000629bb00000) (1024K)]
  0x000001747fb35f80 ConcurrentGCThread "G1 Refine#0"               [id=31344, stack(0x0000006299600000,0x0000006299700000) (1024K)]
  0x000001747fb368b0 ConcurrentGCThread "G1 Service"                [id=27860, stack(0x0000006299700000,0x0000006299800000) (1024K)]
Total: 15

Threads with active compile tasks:
Total: 0

VM state: at safepoint (normal execution)

VM Mutex/Monitor currently owned by a thread:  ([mutex/lock_event])
[0x00007ff842c9e560] Threads_lock - owner thread: 0x000001747fc7a790
[0x00007ff842c9e660] Heap_lock - owner thread: 0x0000017483d5a0a0

Heap address: 0x0000000600000000, size: 8192 MB, Compressed Oops mode: Zero based, Oop shift amount: 3

CDS archive(s) mapped at: [0x000001742c000000-0x000001742cba0000-0x000001742cba0000), size 12189696, SharedBaseAddress: 0x000001742c000000, ArchiveRelocationMode: 1.
Compressed class space mapped at: 0x000001742d000000-0x000001746d000000, reserved size: 1073741824
Narrow klass base: 0x000001742c000000, Narrow klass shift: 0, Narrow klass range: 0x100000000

GC Precious Log:
 CardTable entry size: 512
 Card Set container configuration: InlinePtr #cards 4 size 8 Array Of Cards #cards 32 size 80 Howl #buckets 8 coarsen threshold 7372 Howl Bitmap #cards 1024 size 144 coarsen threshold 921 Card regions per heap region 1 cards per card region 8192
 CPUs: 8 total, 8 available
 Memory: 16221M
 Large Page Support: Disabled
 NUMA Support: Disabled
 Compressed Oops: Enabled (Zero based)
 Heap Region Size: 4M
 Heap Min Capacity: 8M
 Heap Initial Capacity: 256M
 Heap Max Capacity: 8G
 Pre-touch: Disabled
 Parallel Workers: 8
 Concurrent Workers: 2
 Concurrent Refinement Workers: 8
 Periodic GC: Disabled

Heap:
 garbage-first heap   total 892928K, used 329312K [0x0000000600000000, 0x0000000800000000)
  region size 4096K, 10 young (40960K), 10 survivors (40960K)
 Metaspace       used 198363K, committed 201344K, reserved 1245184K
  class space    used 25166K, committed 26624K, reserved 1048576K

Heap Regions: E=young(eden), S=young(survivor), O=old, HS=humongous(starts), HC=humongous(continues), CS=collection set, F=free, TAMS=top-at-mark-start, PB=parsable bottom
|   0|0x0000000600000000, 0x0000000600400000, 0x0000000600400000|100%|HS|  |TAMS 0x0000000600000000| PB 0x0000000600000000| Complete 
|   1|0x0000000600400000, 0x0000000600800000, 0x0000000600800000|100%| O|  |TAMS 0x0000000600400000| PB 0x0000000600400000| Untracked 
|   2|0x0000000600800000, 0x0000000600bbf958, 0x0000000600c00000| 93%| O|  |TAMS 0x0000000600800000| PB 0x0000000600800000| Untracked 
|   3|0x0000000600c00000, 0x0000000601000000, 0x0000000601000000|100%| O|  |TAMS 0x0000000600c00000| PB 0x0000000600c00000| Untracked 
|   4|0x0000000601000000, 0x0000000601400000, 0x0000000601400000|100%| O|  |TAMS 0x0000000601000000| PB 0x0000000601000000| Untracked 
|   5|0x0000000601400000, 0x0000000601800000, 0x0000000601800000|100%| O|  |TAMS 0x0000000601400000| PB 0x0000000601400000| Untracked 
|   6|0x0000000601800000, 0x0000000601c00000, 0x0000000601c00000|100%| O|  |TAMS 0x0000000601800000| PB 0x0000000601800000| Untracked 
|   7|0x0000000601c00000, 0x0000000602000000, 0x0000000602000000|100%| O|  |TAMS 0x0000000601c00000| PB 0x0000000601c00000| Untracked 
|   8|0x0000000602000000, 0x0000000602400000, 0x0000000602400000|100%| O|  |TAMS 0x0000000602000000| PB 0x0000000602000000| Untracked 
|   9|0x0000000602400000, 0x0000000602800000, 0x0000000602800000|100%| O|  |TAMS 0x0000000602400000| PB 0x0000000602400000| Untracked 
|  10|0x0000000602800000, 0x0000000602c00000, 0x0000000602c00000|100%| O|  |TAMS 0x0000000602800000| PB 0x0000000602800000| Untracked 
|  11|0x0000000602c00000, 0x0000000602eae840, 0x0000000603000000| 67%| O|  |TAMS 0x0000000602c00000| PB 0x0000000602c00000| Untracked 
|  12|0x0000000603000000, 0x0000000603400000, 0x0000000603400000|100%| O|  |TAMS 0x0000000603000000| PB 0x0000000603000000| Untracked 
|  13|0x0000000603400000, 0x0000000603800000, 0x0000000603800000|100%| O|  |TAMS 0x0000000603400000| PB 0x0000000603400000| Untracked 
|  14|0x0000000603800000, 0x0000000603800000, 0x0000000603c00000|  0%| F|  |TAMS 0x0000000603800000| PB 0x0000000603800000| Untracked 
|  15|0x0000000603c00000, 0x0000000604000000, 0x0000000604000000|100%| O|  |TAMS 0x0000000603c00000| PB 0x0000000603c00000| Untracked 
|  16|0x0000000604000000, 0x0000000604400000, 0x0000000604400000|100%| O|  |TAMS 0x0000000604000000| PB 0x0000000604000000| Untracked 
|  17|0x0000000604400000, 0x0000000604800000, 0x0000000604800000|100%|HS|  |TAMS 0x0000000604400000| PB 0x0000000604400000| Complete 
|  18|0x0000000604800000, 0x0000000604c00000, 0x0000000604c00000|100%| O|  |TAMS 0x0000000604800000| PB 0x0000000604800000| Untracked 
|  19|0x0000000604c00000, 0x0000000605000000, 0x0000000605000000|100%| O|  |TAMS 0x0000000604c00000| PB 0x0000000604c00000| Untracked 
|  20|0x0000000605000000, 0x0000000605400000, 0x0000000605400000|100%|HS|  |TAMS 0x0000000605000000| PB 0x0000000605000000| Complete 
|  21|0x0000000605400000, 0x0000000605800000, 0x0000000605800000|100%| O|  |TAMS 0x0000000605400000| PB 0x0000000605400000| Untracked 
|  22|0x0000000605800000, 0x0000000605c00000, 0x0000000605c00000|100%| O|  |TAMS 0x0000000605800000| PB 0x0000000605800000| Untracked 
|  23|0x0000000605c00000, 0x0000000606000000, 0x0000000606000000|100%| O|  |TAMS 0x0000000605c00000| PB 0x0000000605c00000| Untracked 
|  24|0x0000000606000000, 0x0000000606400000, 0x0000000606400000|100%| O|  |TAMS 0x0000000606000000| PB 0x0000000606000000| Untracked 
|  25|0x0000000606400000, 0x0000000606800000, 0x0000000606800000|100%| O|  |TAMS 0x0000000606400000| PB 0x0000000606400000| Untracked 
|  26|0x0000000606800000, 0x0000000606c00000, 0x0000000606c00000|100%| O|  |TAMS 0x0000000606800000| PB 0x0000000606800000| Untracked 
|  27|0x0000000606c00000, 0x0000000607000000, 0x0000000607000000|100%| O|  |TAMS 0x0000000606c00000| PB 0x0000000606c00000| Untracked 
|  28|0x0000000607000000, 0x0000000607400000, 0x0000000607400000|100%| O|  |TAMS 0x0000000607000000| PB 0x0000000607000000| Untracked 
|  29|0x0000000607400000, 0x0000000607800000, 0x0000000607800000|100%| O|  |TAMS 0x0000000607400000| PB 0x0000000607400000| Untracked 
|  30|0x0000000607800000, 0x0000000607800000, 0x0000000607c00000|  0%| F|  |TAMS 0x0000000607800000| PB 0x0000000607800000| Untracked 
|  31|0x0000000607c00000, 0x0000000608000000, 0x0000000608000000|100%|HS|  |TAMS 0x0000000607c00000| PB 0x0000000607c00000| Complete 
|  32|0x0000000608000000, 0x0000000608400000, 0x0000000608400000|100%|HC|  |TAMS 0x0000000608000000| PB 0x0000000608000000| Complete 
|  33|0x0000000608400000, 0x0000000608400000, 0x0000000608800000|  0%| F|  |TAMS 0x0000000608400000| PB 0x0000000608400000| Untracked 
|  34|0x0000000608800000, 0x0000000608c00000, 0x0000000608c00000|100%| O|  |TAMS 0x0000000608800000| PB 0x0000000608800000| Untracked 
|  35|0x0000000608c00000, 0x0000000609000000, 0x0000000609000000|100%| O|  |TAMS 0x0000000608c00000| PB 0x0000000608c00000| Untracked 
|  36|0x0000000609000000, 0x0000000609400000, 0x0000000609400000|100%| O|  |TAMS 0x0000000609000000| PB 0x0000000609000000| Untracked 
|  37|0x0000000609400000, 0x0000000609800000, 0x0000000609800000|100%| O|  |TAMS 0x0000000609400000| PB 0x0000000609400000| Untracked 
|  38|0x0000000609800000, 0x0000000609800000, 0x0000000609c00000|  0%| F|  |TAMS 0x0000000609800000| PB 0x0000000609800000| Untracked 
|  39|0x0000000609c00000, 0x000000060a000000, 0x000000060a000000|100%| O|  |TAMS 0x0000000609c00000| PB 0x0000000609c00000| Untracked 
|  40|0x000000060a000000, 0x000000060a400000, 0x000000060a400000|100%| O|  |TAMS 0x000000060a000000| PB 0x000000060a000000| Untracked 
|  41|0x000000060a400000, 0x000000060a800000, 0x000000060a800000|100%| O|  |TAMS 0x000000060a400000| PB 0x000000060a400000| Untracked 
|  42|0x000000060a800000, 0x000000060a800000, 0x000000060ac00000|  0%| F|  |TAMS 0x000000060a800000| PB 0x000000060a800000| Untracked 
|  43|0x000000060ac00000, 0x000000060b000000, 0x000000060b000000|100%| O|  |TAMS 0x000000060ac00000| PB 0x000000060ac00000| Untracked 
|  44|0x000000060b000000, 0x000000060b400000, 0x000000060b400000|100%| O|  |TAMS 0x000000060b000000| PB 0x000000060b000000| Untracked 
|  45|0x000000060b400000, 0x000000060b800000, 0x000000060b800000|100%| O|  |TAMS 0x000000060b400000| PB 0x000000060b400000| Untracked 
|  46|0x000000060b800000, 0x000000060bc00000, 0x000000060bc00000|100%| O|  |TAMS 0x000000060b800000| PB 0x000000060b800000| Untracked 
|  47|0x000000060bc00000, 0x000000060c000000, 0x000000060c000000|100%| O|  |TAMS 0x000000060bc00000| PB 0x000000060bc00000| Untracked 
|  48|0x000000060c000000, 0x000000060c400000, 0x000000060c400000|100%| O|  |TAMS 0x000000060c000000| PB 0x000000060c000000| Untracked 
|  49|0x000000060c400000, 0x000000060c800000, 0x000000060c800000|100%| O|  |TAMS 0x000000060c400000| PB 0x000000060c400000| Untracked 
|  50|0x000000060c800000, 0x000000060cc00000, 0x000000060cc00000|100%| O|  |TAMS 0x000000060c800000| PB 0x000000060c800000| Untracked 
|  51|0x000000060cc00000, 0x000000060d000000, 0x000000060d000000|100%| O|  |TAMS 0x000000060cc00000| PB 0x000000060cc00000| Untracked 
|  52|0x000000060d000000, 0x000000060d400000, 0x000000060d400000|100%| O|  |TAMS 0x000000060d000000| PB 0x000000060d000000| Untracked 
|  53|0x000000060d400000, 0x000000060d800000, 0x000000060d800000|100%| O|  |TAMS 0x000000060d400000| PB 0x000000060d400000| Untracked 
|  54|0x000000060d800000, 0x000000060dc00000, 0x000000060dc00000|100%| O|  |TAMS 0x000000060d800000| PB 0x000000060d800000| Untracked 
|  55|0x000000060dc00000, 0x000000060e000000, 0x000000060e000000|100%| O|  |TAMS 0x000000060dc00000| PB 0x000000060dc00000| Untracked 
|  56|0x000000060e000000, 0x000000060e400000, 0x000000060e400000|100%| O|  |TAMS 0x000000060e000000| PB 0x000000060e000000| Untracked 
|  57|0x000000060e400000, 0x000000060e800000, 0x000000060e800000|100%| O|  |TAMS 0x000000060e400000| PB 0x000000060e400000| Untracked 
|  58|0x000000060e800000, 0x000000060ec00000, 0x000000060ec00000|100%| O|  |TAMS 0x000000060e800000| PB 0x000000060e800000| Untracked 
|  59|0x000000060ec00000, 0x000000060f000000, 0x000000060f000000|100%| O|  |TAMS 0x000000060ec00000| PB 0x000000060ec00000| Untracked 
|  60|0x000000060f000000, 0x000000060f400000, 0x000000060f400000|100%| O|  |TAMS 0x000000060f000000| PB 0x000000060f000000| Untracked 
|  61|0x000000060f400000, 0x000000060f800000, 0x000000060f800000|100%| O|  |TAMS 0x000000060f400000| PB 0x000000060f400000| Untracked 
|  62|0x000000060f800000, 0x000000060fc00000, 0x000000060fc00000|100%| O|  |TAMS 0x000000060f800000| PB 0x000000060f800000| Untracked 
|  63|0x000000060fc00000, 0x0000000610000000, 0x0000000610000000|100%| O|  |TAMS 0x000000060fc00000| PB 0x000000060fc00000| Untracked 
|  64|0x0000000610000000, 0x0000000610400000, 0x0000000610400000|100%| O|  |TAMS 0x0000000610000000| PB 0x0000000610000000| Untracked 
|  65|0x0000000610400000, 0x0000000610800000, 0x0000000610800000|100%| O|  |TAMS 0x0000000610400000| PB 0x0000000610400000| Untracked 
|  66|0x0000000610800000, 0x0000000610800000, 0x0000000610c00000|  0%| F|  |TAMS 0x0000000610800000| PB 0x0000000610800000| Untracked 
|  67|0x0000000610c00000, 0x0000000610f2a100, 0x0000000611000000| 79%| S|CS|TAMS 0x0000000610c00000| PB 0x0000000610c00000| Complete 
|  68|0x0000000611000000, 0x0000000611400000, 0x0000000611400000|100%| S|CS|TAMS 0x0000000611000000| PB 0x0000000611000000| Complete 
|  69|0x0000000611400000, 0x0000000611800000, 0x0000000611800000|100%| S|CS|TAMS 0x0000000611400000| PB 0x0000000611400000| Complete 
|  70|0x0000000611800000, 0x0000000611c00000, 0x0000000611c00000|100%| S|CS|TAMS 0x0000000611800000| PB 0x0000000611800000| Complete 
|  71|0x0000000611c00000, 0x0000000612000000, 0x0000000612000000|100%| O|  |TAMS 0x0000000611c00000| PB 0x0000000611c00000| Untracked 
|  72|0x0000000612000000, 0x0000000612400000, 0x0000000612400000|100%| O|  |TAMS 0x0000000612000000| PB 0x0000000612000000| Untracked 
|  73|0x0000000612400000, 0x0000000612800000, 0x0000000612800000|100%| O|  |TAMS 0x0000000612400000| PB 0x0000000612400000| Untracked 
|  74|0x0000000612800000, 0x0000000612c00000, 0x0000000612c00000|100%| S|CS|TAMS 0x0000000612800000| PB 0x0000000612800000| Complete 
|  75|0x0000000612c00000, 0x0000000613000000, 0x0000000613000000|100%| S|CS|TAMS 0x0000000612c00000| PB 0x0000000612c00000| Complete 
|  76|0x0000000613000000, 0x0000000613400000, 0x0000000613400000|100%| O|  |TAMS 0x0000000613000000| PB 0x0000000613000000| Untracked 
|  77|0x0000000613400000, 0x0000000613800000, 0x0000000613800000|100%| O|  |TAMS 0x0000000613400000| PB 0x0000000613400000| Untracked 
|  78|0x0000000613800000, 0x0000000613c00000, 0x0000000613c00000|100%| O|  |TAMS 0x0000000613800000| PB 0x0000000613800000| Untracked 
|  79|0x0000000613c00000, 0x0000000613c00000, 0x0000000614000000|  0%| F|  |TAMS 0x0000000613c00000| PB 0x0000000613c00000| Untracked 
|  80|0x0000000614000000, 0x0000000614000000, 0x0000000614400000|  0%| F|  |TAMS 0x0000000614000000| PB 0x0000000614000000| Untracked 
|  81|0x0000000614400000, 0x0000000614800000, 0x0000000614800000|100%| S|CS|TAMS 0x0000000614400000| PB 0x0000000614400000| Complete 
|  82|0x0000000614800000, 0x0000000614c00000, 0x0000000614c00000|100%| S|CS|TAMS 0x0000000614800000| PB 0x0000000614800000| Complete 
|  83|0x0000000614c00000, 0x0000000615000000, 0x0000000615000000|100%| S|CS|TAMS 0x0000000614c00000| PB 0x0000000614c00000| Complete 
|  84|0x0000000615000000, 0x0000000615400000, 0x0000000615400000|100%| S|CS|TAMS 0x0000000615000000| PB 0x0000000615000000| Complete 
|  85|0x0000000615400000, 0x0000000615400000, 0x0000000615800000|  0%| F|  |TAMS 0x0000000615400000| PB 0x0000000615400000| Untracked 
|  86|0x0000000615800000, 0x0000000615800000, 0x0000000615c00000|  0%| F|  |TAMS 0x0000000615800000| PB 0x0000000615800000| Untracked 
|  87|0x0000000615c00000, 0x0000000615c00000, 0x0000000616000000|  0%| F|  |TAMS 0x0000000615c00000| PB 0x0000000615c00000| Untracked 
|  88|0x0000000616000000, 0x0000000616000000, 0x0000000616400000|  0%| F|  |TAMS 0x0000000616000000| PB 0x0000000616000000| Untracked 
|  89|0x0000000616400000, 0x0000000616400000, 0x0000000616800000|  0%| F|  |TAMS 0x0000000616400000| PB 0x0000000616400000| Untracked 
|  90|0x0000000616800000, 0x0000000616800000, 0x0000000616c00000|  0%| F|  |TAMS 0x0000000616800000| PB 0x0000000616800000| Untracked 
|  91|0x0000000616c00000, 0x0000000616c00000, 0x0000000617000000|  0%| F|  |TAMS 0x0000000616c00000| PB 0x0000000616c00000| Untracked 
|  92|0x0000000617000000, 0x0000000617000000, 0x0000000617400000|  0%| F|  |TAMS 0x0000000617000000| PB 0x0000000617000000| Untracked 
|  93|0x0000000617400000, 0x0000000617400000, 0x0000000617800000|  0%| F|  |TAMS 0x0000000617400000| PB 0x0000000617400000| Untracked 
|  94|0x0000000617800000, 0x0000000617800000, 0x0000000617c00000|  0%| F|  |TAMS 0x0000000617800000| PB 0x0000000617800000| Untracked 
|  95|0x0000000617c00000, 0x0000000617c00000, 0x0000000618000000|  0%| F|  |TAMS 0x0000000617c00000| PB 0x0000000617c00000| Untracked 
|  96|0x0000000618000000, 0x0000000618000000, 0x0000000618400000|  0%| F|  |TAMS 0x0000000618000000| PB 0x0000000618000000| Untracked 
|  97|0x0000000618400000, 0x0000000618400000, 0x0000000618800000|  0%| F|  |TAMS 0x0000000618400000| PB 0x0000000618400000| Untracked 
|  98|0x0000000618800000, 0x0000000618800000, 0x0000000618c00000|  0%| F|  |TAMS 0x0000000618800000| PB 0x0000000618800000| Untracked 
|  99|0x0000000618c00000, 0x0000000618c00000, 0x0000000619000000|  0%| F|  |TAMS 0x0000000618c00000| PB 0x0000000618c00000| Untracked 
| 100|0x0000000619000000, 0x0000000619000000, 0x0000000619400000|  0%| F|  |TAMS 0x0000000619000000| PB 0x0000000619000000| Untracked 
| 101|0x0000000619400000, 0x0000000619400000, 0x0000000619800000|  0%| F|  |TAMS 0x0000000619400000| PB 0x0000000619400000| Untracked 
| 102|0x0000000619800000, 0x0000000619800000, 0x0000000619c00000|  0%| F|  |TAMS 0x0000000619800000| PB 0x0000000619800000| Untracked 
| 103|0x0000000619c00000, 0x0000000619c00000, 0x000000061a000000|  0%| F|  |TAMS 0x0000000619c00000| PB 0x0000000619c00000| Untracked 
| 104|0x000000061a000000, 0x000000061a000000, 0x000000061a400000|  0%| F|  |TAMS 0x000000061a000000| PB 0x000000061a000000| Untracked 
| 105|0x000000061a400000, 0x000000061a400000, 0x000000061a800000|  0%| F|  |TAMS 0x000000061a400000| PB 0x000000061a400000| Untracked 
| 106|0x000000061a800000, 0x000000061a800000, 0x000000061ac00000|  0%| F|  |TAMS 0x000000061a800000| PB 0x000000061a800000| Untracked 
| 107|0x000000061ac00000, 0x000000061ac00000, 0x000000061b000000|  0%| F|  |TAMS 0x000000061ac00000| PB 0x000000061ac00000| Untracked 
| 108|0x000000061b000000, 0x000000061b000000, 0x000000061b400000|  0%| F|  |TAMS 0x000000061b000000| PB 0x000000061b000000| Untracked 
| 109|0x000000061b400000, 0x000000061b400000, 0x000000061b800000|  0%| F|  |TAMS 0x000000061b400000| PB 0x000000061b400000| Untracked 
| 110|0x000000061b800000, 0x000000061b800000, 0x000000061bc00000|  0%| F|  |TAMS 0x000000061b800000| PB 0x000000061b800000| Untracked 
| 111|0x000000061bc00000, 0x000000061bc00000, 0x000000061c000000|  0%| F|  |TAMS 0x000000061bc00000| PB 0x000000061bc00000| Untracked 
| 112|0x000000061c000000, 0x000000061c000000, 0x000000061c400000|  0%| F|  |TAMS 0x000000061c000000| PB 0x000000061c000000| Untracked 
| 113|0x000000061c400000, 0x000000061c400000, 0x000000061c800000|  0%| F|  |TAMS 0x000000061c400000| PB 0x000000061c400000| Untracked 
| 114|0x000000061c800000, 0x000000061c800000, 0x000000061cc00000|  0%| F|  |TAMS 0x000000061c800000| PB 0x000000061c800000| Untracked 
| 115|0x000000061cc00000, 0x000000061cc00000, 0x000000061d000000|  0%| F|  |TAMS 0x000000061cc00000| PB 0x000000061cc00000| Untracked 
| 116|0x000000061d000000, 0x000000061d000000, 0x000000061d400000|  0%| F|  |TAMS 0x000000061d000000| PB 0x000000061d000000| Untracked 
| 117|0x000000061d400000, 0x000000061d400000, 0x000000061d800000|  0%| F|  |TAMS 0x000000061d400000| PB 0x000000061d400000| Untracked 
| 118|0x000000061d800000, 0x000000061d800000, 0x000000061dc00000|  0%| F|  |TAMS 0x000000061d800000| PB 0x000000061d800000| Untracked 
| 119|0x000000061dc00000, 0x000000061dc00000, 0x000000061e000000|  0%| F|  |TAMS 0x000000061dc00000| PB 0x000000061dc00000| Untracked 
| 120|0x000000061e000000, 0x000000061e000000, 0x000000061e400000|  0%| F|  |TAMS 0x000000061e000000| PB 0x000000061e000000| Untracked 
| 121|0x000000061e400000, 0x000000061e400000, 0x000000061e800000|  0%| F|  |TAMS 0x000000061e400000| PB 0x000000061e400000| Untracked 
| 122|0x000000061e800000, 0x000000061e800000, 0x000000061ec00000|  0%| F|  |TAMS 0x000000061e800000| PB 0x000000061e800000| Untracked 
| 123|0x000000061ec00000, 0x000000061ec00000, 0x000000061f000000|  0%| F|  |TAMS 0x000000061ec00000| PB 0x000000061ec00000| Untracked 
| 124|0x000000061f000000, 0x000000061f000000, 0x000000061f400000|  0%| F|  |TAMS 0x000000061f000000| PB 0x000000061f000000| Untracked 
| 125|0x000000061f400000, 0x000000061f400000, 0x000000061f800000|  0%| F|  |TAMS 0x000000061f400000| PB 0x000000061f400000| Untracked 
| 126|0x000000061f800000, 0x000000061f800000, 0x000000061fc00000|  0%| F|  |TAMS 0x000000061f800000| PB 0x000000061f800000| Untracked 
| 127|0x000000061fc00000, 0x000000061fc00000, 0x0000000620000000|  0%| F|  |TAMS 0x000000061fc00000| PB 0x000000061fc00000| Untracked 
| 128|0x0000000620000000, 0x0000000620000000, 0x0000000620400000|  0%| F|  |TAMS 0x0000000620000000| PB 0x0000000620000000| Untracked 
| 129|0x0000000620400000, 0x0000000620400000, 0x0000000620800000|  0%| F|  |TAMS 0x0000000620400000| PB 0x0000000620400000| Untracked 
| 130|0x0000000620800000, 0x0000000620800000, 0x0000000620c00000|  0%| F|  |TAMS 0x0000000620800000| PB 0x0000000620800000| Untracked 
| 131|0x0000000620c00000, 0x0000000620c00000, 0x0000000621000000|  0%| F|  |TAMS 0x0000000620c00000| PB 0x0000000620c00000| Untracked 
| 132|0x0000000621000000, 0x0000000621000000, 0x0000000621400000|  0%| F|  |TAMS 0x0000000621000000| PB 0x0000000621000000| Untracked 
| 133|0x0000000621400000, 0x0000000621400000, 0x0000000621800000|  0%| F|  |TAMS 0x0000000621400000| PB 0x0000000621400000| Untracked 
| 134|0x0000000621800000, 0x0000000621800000, 0x0000000621c00000|  0%| F|  |TAMS 0x0000000621800000| PB 0x0000000621800000| Untracked 
| 135|0x0000000621c00000, 0x0000000621c00000, 0x0000000622000000|  0%| F|  |TAMS 0x0000000621c00000| PB 0x0000000621c00000| Untracked 
| 136|0x0000000622000000, 0x0000000622000000, 0x0000000622400000|  0%| F|  |TAMS 0x0000000622000000| PB 0x0000000622000000| Untracked 
| 137|0x0000000622400000, 0x0000000622400000, 0x0000000622800000|  0%| F|  |TAMS 0x0000000622400000| PB 0x0000000622400000| Untracked 
| 138|0x0000000622800000, 0x0000000622800000, 0x0000000622c00000|  0%| F|  |TAMS 0x0000000622800000| PB 0x0000000622800000| Untracked 
| 139|0x0000000622c00000, 0x0000000622c00000, 0x0000000623000000|  0%| F|  |TAMS 0x0000000622c00000| PB 0x0000000622c00000| Untracked 
| 140|0x0000000623000000, 0x0000000623000000, 0x0000000623400000|  0%| F|  |TAMS 0x0000000623000000| PB 0x0000000623000000| Untracked 
| 141|0x0000000623400000, 0x0000000623400000, 0x0000000623800000|  0%| F|  |TAMS 0x0000000623400000| PB 0x0000000623400000| Untracked 
| 142|0x0000000623800000, 0x0000000623800000, 0x0000000623c00000|  0%| F|  |TAMS 0x0000000623800000| PB 0x0000000623800000| Untracked 
| 143|0x0000000623c00000, 0x0000000623c00000, 0x0000000624000000|  0%| F|  |TAMS 0x0000000623c00000| PB 0x0000000623c00000| Untracked 
| 144|0x0000000624000000, 0x0000000624000000, 0x0000000624400000|  0%| F|  |TAMS 0x0000000624000000| PB 0x0000000624000000| Untracked 
| 145|0x0000000624400000, 0x0000000624400000, 0x0000000624800000|  0%| F|  |TAMS 0x0000000624400000| PB 0x0000000624400000| Untracked 
| 146|0x0000000624800000, 0x0000000624800000, 0x0000000624c00000|  0%| F|  |TAMS 0x0000000624800000| PB 0x0000000624800000| Untracked 
| 147|0x0000000624c00000, 0x0000000624c00000, 0x0000000625000000|  0%| F|  |TAMS 0x0000000624c00000| PB 0x0000000624c00000| Untracked 
| 148|0x0000000625000000, 0x0000000625000000, 0x0000000625400000|  0%| F|  |TAMS 0x0000000625000000| PB 0x0000000625000000| Untracked 
| 149|0x0000000625400000, 0x0000000625400000, 0x0000000625800000|  0%| F|  |TAMS 0x0000000625400000| PB 0x0000000625400000| Untracked 
| 150|0x0000000625800000, 0x0000000625800000, 0x0000000625c00000|  0%| F|  |TAMS 0x0000000625800000| PB 0x0000000625800000| Untracked 
| 151|0x0000000625c00000, 0x0000000625c00000, 0x0000000626000000|  0%| F|  |TAMS 0x0000000625c00000| PB 0x0000000625c00000| Untracked 
| 152|0x0000000626000000, 0x0000000626000000, 0x0000000626400000|  0%| F|  |TAMS 0x0000000626000000| PB 0x0000000626000000| Untracked 
| 153|0x0000000626400000, 0x0000000626400000, 0x0000000626800000|  0%| F|  |TAMS 0x0000000626400000| PB 0x0000000626400000| Untracked 
| 154|0x0000000626800000, 0x0000000626800000, 0x0000000626c00000|  0%| F|  |TAMS 0x0000000626800000| PB 0x0000000626800000| Untracked 
| 155|0x0000000626c00000, 0x0000000626c00000, 0x0000000627000000|  0%| F|  |TAMS 0x0000000626c00000| PB 0x0000000626c00000| Untracked 
| 156|0x0000000627000000, 0x0000000627000000, 0x0000000627400000|  0%| F|  |TAMS 0x0000000627000000| PB 0x0000000627000000| Untracked 
| 157|0x0000000627400000, 0x0000000627400000, 0x0000000627800000|  0%| F|  |TAMS 0x0000000627400000| PB 0x0000000627400000| Untracked 
| 158|0x0000000627800000, 0x0000000627800000, 0x0000000627c00000|  0%| F|  |TAMS 0x0000000627800000| PB 0x0000000627800000| Untracked 
| 159|0x0000000627c00000, 0x0000000627c00000, 0x0000000628000000|  0%| F|  |TAMS 0x0000000627c00000| PB 0x0000000627c00000| Untracked 
| 160|0x0000000628000000, 0x0000000628000000, 0x0000000628400000|  0%| F|  |TAMS 0x0000000628000000| PB 0x0000000628000000| Untracked 
| 161|0x0000000628400000, 0x0000000628400000, 0x0000000628800000|  0%| F|  |TAMS 0x0000000628400000| PB 0x0000000628400000| Untracked 
| 162|0x0000000628800000, 0x0000000628800000, 0x0000000628c00000|  0%| F|  |TAMS 0x0000000628800000| PB 0x0000000628800000| Untracked 
| 163|0x0000000628c00000, 0x0000000628c00000, 0x0000000629000000|  0%| F|  |TAMS 0x0000000628c00000| PB 0x0000000628c00000| Untracked 
| 164|0x0000000629000000, 0x0000000629000000, 0x0000000629400000|  0%| F|  |TAMS 0x0000000629000000| PB 0x0000000629000000| Untracked 
| 165|0x0000000629400000, 0x0000000629400000, 0x0000000629800000|  0%| F|  |TAMS 0x0000000629400000| PB 0x0000000629400000| Untracked 
| 166|0x0000000629800000, 0x0000000629800000, 0x0000000629c00000|  0%| F|  |TAMS 0x0000000629800000| PB 0x0000000629800000| Untracked 
| 167|0x0000000629c00000, 0x0000000629c00000, 0x000000062a000000|  0%| F|  |TAMS 0x0000000629c00000| PB 0x0000000629c00000| Untracked 
| 168|0x000000062a000000, 0x000000062a000000, 0x000000062a400000|  0%| F|  |TAMS 0x000000062a000000| PB 0x000000062a000000| Untracked 
| 169|0x000000062a400000, 0x000000062a400000, 0x000000062a800000|  0%| F|  |TAMS 0x000000062a400000| PB 0x000000062a400000| Untracked 
| 170|0x000000062a800000, 0x000000062a800000, 0x000000062ac00000|  0%| F|  |TAMS 0x000000062a800000| PB 0x000000062a800000| Untracked 
| 171|0x000000062ac00000, 0x000000062ac00000, 0x000000062b000000|  0%| F|  |TAMS 0x000000062ac00000| PB 0x000000062ac00000| Untracked 
| 172|0x000000062b000000, 0x000000062b000000, 0x000000062b400000|  0%| F|  |TAMS 0x000000062b000000| PB 0x000000062b000000| Untracked 
| 173|0x000000062b400000, 0x000000062b400000, 0x000000062b800000|  0%| F|  |TAMS 0x000000062b400000| PB 0x000000062b400000| Untracked 
| 174|0x000000062b800000, 0x000000062b800000, 0x000000062bc00000|  0%| F|  |TAMS 0x000000062b800000| PB 0x000000062b800000| Untracked 
| 175|0x000000062bc00000, 0x000000062bc00000, 0x000000062c000000|  0%| F|  |TAMS 0x000000062bc00000| PB 0x000000062bc00000| Untracked 
| 176|0x000000062c000000, 0x000000062c000000, 0x000000062c400000|  0%| F|  |TAMS 0x000000062c000000| PB 0x000000062c000000| Untracked 
| 177|0x000000062c400000, 0x000000062c400000, 0x000000062c800000|  0%| F|  |TAMS 0x000000062c400000| PB 0x000000062c400000| Untracked 
| 178|0x000000062c800000, 0x000000062c800000, 0x000000062cc00000|  0%| F|  |TAMS 0x000000062c800000| PB 0x000000062c800000| Untracked 
| 179|0x000000062cc00000, 0x000000062cc00000, 0x000000062d000000|  0%| F|  |TAMS 0x000000062cc00000| PB 0x000000062cc00000| Untracked 
| 180|0x000000062d000000, 0x000000062d000000, 0x000000062d400000|  0%| F|  |TAMS 0x000000062d000000| PB 0x000000062d000000| Untracked 
| 181|0x000000062d400000, 0x000000062d400000, 0x000000062d800000|  0%| F|  |TAMS 0x000000062d400000| PB 0x000000062d400000| Untracked 
| 182|0x000000062d800000, 0x000000062d800000, 0x000000062dc00000|  0%| F|  |TAMS 0x000000062d800000| PB 0x000000062d800000| Untracked 
| 183|0x000000062dc00000, 0x000000062dc00000, 0x000000062e000000|  0%| F|  |TAMS 0x000000062dc00000| PB 0x000000062dc00000| Untracked 
| 184|0x000000062e000000, 0x000000062e000000, 0x000000062e400000|  0%| F|  |TAMS 0x000000062e000000| PB 0x000000062e000000| Untracked 
| 185|0x000000062e400000, 0x000000062e400000, 0x000000062e800000|  0%| F|  |TAMS 0x000000062e400000| PB 0x000000062e400000| Untracked 
| 186|0x000000062e800000, 0x000000062e800000, 0x000000062ec00000|  0%| F|  |TAMS 0x000000062e800000| PB 0x000000062e800000| Untracked 
| 187|0x000000062ec00000, 0x000000062ec00000, 0x000000062f000000|  0%| F|  |TAMS 0x000000062ec00000| PB 0x000000062ec00000| Untracked 
| 188|0x000000062f000000, 0x000000062f000000, 0x000000062f400000|  0%| F|  |TAMS 0x000000062f000000| PB 0x000000062f000000| Untracked 
| 189|0x000000062f400000, 0x000000062f400000, 0x000000062f800000|  0%| F|  |TAMS 0x000000062f400000| PB 0x000000062f400000| Untracked 
| 190|0x000000062f800000, 0x000000062f800000, 0x000000062fc00000|  0%| F|  |TAMS 0x000000062f800000| PB 0x000000062f800000| Untracked 
| 191|0x000000062fc00000, 0x000000062fc00000, 0x0000000630000000|  0%| F|  |TAMS 0x000000062fc00000| PB 0x000000062fc00000| Untracked 
| 192|0x0000000630000000, 0x0000000630000000, 0x0000000630400000|  0%| F|  |TAMS 0x0000000630000000| PB 0x0000000630000000| Untracked 
| 193|0x0000000630400000, 0x0000000630400000, 0x0000000630800000|  0%| F|  |TAMS 0x0000000630400000| PB 0x0000000630400000| Untracked 
| 194|0x0000000630800000, 0x0000000630800000, 0x0000000630c00000|  0%| F|  |TAMS 0x0000000630800000| PB 0x0000000630800000| Untracked 
| 195|0x0000000630c00000, 0x0000000630c00000, 0x0000000631000000|  0%| F|  |TAMS 0x0000000630c00000| PB 0x0000000630c00000| Untracked 
| 196|0x0000000631000000, 0x0000000631000000, 0x0000000631400000|  0%| F|  |TAMS 0x0000000631000000| PB 0x0000000631000000| Untracked 
| 197|0x0000000631400000, 0x0000000631400000, 0x0000000631800000|  0%| F|  |TAMS 0x0000000631400000| PB 0x0000000631400000| Untracked 
| 243|0x000000063cc00000, 0x000000063cc00000, 0x000000063d000000|  0%| F|  |TAMS 0x000000063cc00000| PB 0x000000063cc00000| Untracked 
| 244|0x000000063d000000, 0x000000063d000000, 0x000000063d400000|  0%| F|  |TAMS 0x000000063d000000| PB 0x000000063d000000| Untracked 
| 245|0x000000063d400000, 0x000000063d400000, 0x000000063d800000|  0%| F|  |TAMS 0x000000063d400000| PB 0x000000063d400000| Untracked 
| 246|0x000000063d800000, 0x000000063d800000, 0x000000063dc00000|  0%| F|  |TAMS 0x000000063d800000| PB 0x000000063d800000| Untracked 
| 247|0x000000063dc00000, 0x000000063dc00000, 0x000000063e000000|  0%| F|  |TAMS 0x000000063dc00000| PB 0x000000063dc00000| Untracked 
| 248|0x000000063e000000, 0x000000063e000000, 0x000000063e400000|  0%| F|  |TAMS 0x000000063e000000| PB 0x000000063e000000| Untracked 
| 249|0x000000063e400000, 0x000000063e400000, 0x000000063e800000|  0%| F|  |TAMS 0x000000063e400000| PB 0x000000063e400000| Untracked 
| 250|0x000000063e800000, 0x000000063e800000, 0x000000063ec00000|  0%| F|  |TAMS 0x000000063e800000| PB 0x000000063e800000| Untracked 
| 251|0x000000063ec00000, 0x000000063ec00000, 0x000000063f000000|  0%| F|  |TAMS 0x000000063ec00000| PB 0x000000063ec00000| Untracked 
| 252|0x000000063f000000, 0x000000063f000000, 0x000000063f400000|  0%| F|  |TAMS 0x000000063f000000| PB 0x000000063f000000| Untracked 
| 253|0x000000063f400000, 0x000000063f400000, 0x000000063f800000|  0%| F|  |TAMS 0x000000063f400000| PB 0x000000063f400000| Untracked 
| 254|0x000000063f800000, 0x000000063f800000, 0x000000063fc00000|  0%| F|  |TAMS 0x000000063f800000| PB 0x000000063f800000| Untracked 
|2040|0x00000007fe000000, 0x00000007fe000000, 0x00000007fe400000|  0%| F|  |TAMS 0x00000007fe000000| PB 0x00000007fe000000| Untracked 
|2041|0x00000007fe400000, 0x00000007fe800000, 0x00000007fe800000|100%| O|  |TAMS 0x00000007fe400000| PB 0x00000007fe400000| Untracked 
|2042|0x00000007fe800000, 0x00000007fe800000, 0x00000007fec00000|  0%| F|  |TAMS 0x00000007fe800000| PB 0x00000007fe800000| Untracked 
|2043|0x00000007fec00000, 0x00000007fec00000, 0x00000007ff000000|  0%| F|  |TAMS 0x00000007fec00000| PB 0x00000007fec00000| Untracked 
|2044|0x00000007ff000000, 0x00000007ff400000, 0x00000007ff400000|100%| O|  |TAMS 0x00000007ff000000| PB 0x00000007ff000000| Untracked 
|2045|0x00000007ff400000, 0x00000007ff400000, 0x00000007ff800000|  0%| F|  |TAMS 0x00000007ff400000| PB 0x00000007ff400000| Untracked 
|2046|0x00000007ff800000, 0x00000007ffc00000, 0x00000007ffc00000|100%| O|  |TAMS 0x00000007ff800000| PB 0x00000007ff800000| Untracked 
|2047|0x00000007ffc00000, 0x0000000800000000, 0x0000000800000000|100%| O|  |TAMS 0x00000007ffc00000| PB 0x00000007ffc00000| Untracked 

Card table byte_map: [0x0000017420000000,0x0000017421000000] _byte_map_base: 0x000001741d000000

Marking Bits: (CMBitMap*) 0x000001747fad1740
 Bits: [0x0000017421000000, 0x0000017429000000)

Polling page: 0x0000017479110000

Metaspace:

Usage:
  Non-class:    169.14 MB used.
      Class:     24.58 MB used.
       Both:    193.71 MB used.

Virtual space:
  Non-class space:      192.00 MB reserved,     170.62 MB ( 89%) committed,  3 nodes.
      Class space:        1.00 GB reserved,      26.00 MB (  3%) committed,  1 nodes.
             Both:        1.19 GB reserved,     196.62 MB ( 16%) committed. 

Chunk freelists:
   Non-Class:  4.79 MB
       Class:  6.02 MB
        Both:  10.81 MB

MaxMetaspaceSize: 4.00 GB
CompressedClassSpaceSize: 1.00 GB
Initial GC threshold: 21.00 MB
Current GC threshold: 327.75 MB
CDS: on
 - commit_granule_bytes: 65536.
 - commit_granule_words: 8192.
 - virtual_space_node_default_size: 8388608.
 - enlarge_chunks_in_place: 1.
 - use_allocation_guard: 0.


Internal statistics:

num_allocs_failed_limit: 9.
num_arena_births: 5460.
num_arena_deaths: 6.
num_vsnodes_births: 4.
num_vsnodes_deaths: 0.
num_space_committed: 3144.
num_space_uncommitted: 0.
num_chunks_returned_to_freelist: 19.
num_chunks_taken_from_freelist: 13799.
num_chunk_merges: 9.
num_chunk_splits: 9596.
num_chunks_enlarged: 6725.
num_inconsistent_stats: 0.

CodeHeap 'non-profiled nmethods': size=259264Kb used=23157Kb max_used=30046Kb free=236106Kb
 bounds [0x00000174102d0000, 0x0000017412030000, 0x0000017420000000]
CodeHeap 'profiled nmethods': size=259264Kb used=57406Kb max_used=79327Kb free=201857Kb
 bounds [0x0000017400000000, 0x0000017404d80000, 0x000001740fd30000]
CodeHeap 'non-nmethods': size=5760Kb used=3085Kb max_used=3164Kb free=2674Kb
 bounds [0x000001740fd30000, 0x0000017410060000, 0x00000174102d0000]
CodeCache: size=524288Kb, used=83648Kb, max_used=112537Kb, free=440637Kb
 total_blobs=26025, nmethods=24729, adapters=1196, full_count=0
Compilation: enabled, stopped_count=0, restarted_count=0

Compilation events (20 events):
Event: 105.262 Thread 0x000001742b57e850 35010       3       java.lang.ThreadLocal::setInitialValue (64 bytes)
Event: 105.263 Thread 0x000001742b57e850 nmethod 35010 0x0000017400554710 code [0x0000017400554940, 0x00000174005553c8]
Event: 105.331 Thread 0x000001742b57e850 35011       3       org.objectweb.asm.FieldWriter::visitTypeAnnotation (45 bytes)
Event: 105.332 Thread 0x000001742b57e850 nmethod 35011 0x0000017400067f90 code [0x0000017400068160, 0x0000017400068410]
Event: 105.430 Thread 0x000001742b57e850 35014       3       org.objectweb.asm.MethodWriter::visitVarInsn (302 bytes)
Event: 105.431 Thread 0x000001748c6fe9c0 nmethod 35002 0x0000017410958790 code [0x0000017410959220, 0x0000017410961480]
Event: 105.432 Thread 0x000001742b57e850 nmethod 35014 0x00000174000ee790 code [0x00000174000eea00, 0x00000174000ef390]
Event: 105.432 Thread 0x000001748c6fe9c0 35012 %     4       com.google.common.collect.MapMakerInternalMap$Segment::expand @ 56 (276 bytes)
Event: 105.483 Thread 0x000001748c6fe9c0 nmethod 35012% 0x0000017410d93f10 code [0x0000017410d94240, 0x0000017410d96398]
Event: 105.483 Thread 0x000001748c6fe9c0 35015       4       org.objectweb.asm.MethodWriter::visitVarInsn (302 bytes)
Event: 105.488 Thread 0x000001748c6fe9c0 nmethod 35015 0x0000017410308110 code [0x0000017410308300, 0x0000017410308990]
Event: 105.488 Thread 0x000001748c6fe9c0 35013       4       org.objectweb.asm.MethodVisitor::visitTypeAnnotation (41 bytes)
Event: 105.489 Thread 0x000001748c6fe9c0 nmethod 35013 0x00000174103fed10 code [0x00000174103feea0, 0x00000174103fef88]
Event: 105.489 Thread 0x000001748c6fe9c0 35006       4       org.gradle.internal.snapshot.DirectorySnapshot$$Lambda/0x000001742dd632d8::accept (16 bytes)
Event: 105.493 Thread 0x000001748c6fe9c0 nmethod 35006 0x0000017410401310 code [0x0000017410401500, 0x0000017410401af8]
Event: 105.513 Thread 0x000001742b57e850 35016       3       org.objectweb.asm.tree.MethodNode::visitTryCatchBlock (40 bytes)
Event: 105.513 Thread 0x000001742b57e850 nmethod 35016 0x000001740002a390 code [0x000001740002a640, 0x000001740002ba28]
Event: 105.533 Thread 0x000001742b57aa10 nmethod 35004 0x0000017411222e90 code [0x0000017411223940, 0x000001741122b368]
Event: 105.541 Thread 0x000001742b57aa10 35017       4       org.objectweb.asm.tree.AnnotationNode::visitEnd (1 bytes)
Event: 105.541 Thread 0x000001742b57aa10 nmethod 35017 0x00000174102f6310 code [0x00000174102f64a0, 0x00000174102f6528]

GC Heap History (20 events):
Event: 69.555 GC heap after
{Heap after GC invocations=73 (full 0):
 garbage-first heap   total 888832K, used 266063K [0x0000000600000000, 0x0000000800000000)
  region size 4096K, 10 young (40960K), 10 survivors (40960K)
 Metaspace       used 160016K, committed 162688K, reserved 1245184K
  class space    used 20359K, committed 21696K, reserved 1048576K
}
Event: 70.600 GC heap before
{Heap before GC invocations=73 (full 0):
 garbage-first heap   total 888832K, used 757583K [0x0000000600000000, 0x0000000800000000)
  region size 4096K, 130 young (532480K), 10 survivors (40960K)
 Metaspace       used 160072K, committed 162752K, reserved 1245184K
  class space    used 20361K, committed 21696K, reserved 1048576K
}
Event: 70.612 GC heap after
{Heap after GC invocations=74 (full 0):
 garbage-first heap   total 888832K, used 266048K [0x0000000600000000, 0x0000000800000000)
  region size 4096K, 10 young (40960K), 10 survivors (40960K)
 Metaspace       used 160072K, committed 162752K, reserved 1245184K
  class space    used 20361K, committed 21696K, reserved 1048576K
}
Event: 73.060 GC heap before
{Heap before GC invocations=74 (full 0):
 garbage-first heap   total 888832K, used 757568K [0x0000000600000000, 0x0000000800000000)
  region size 4096K, 130 young (532480K), 10 survivors (40960K)
 Metaspace       used 173149K, committed 176000K, reserved 1245184K
  class space    used 21927K, committed 23296K, reserved 1048576K
}
Event: 73.081 GC heap after
{Heap after GC invocations=75 (full 0):
 garbage-first heap   total 888832K, used 296056K [0x0000000600000000, 0x0000000800000000)
  region size 4096K, 17 young (69632K), 17 survivors (69632K)
 Metaspace       used 173149K, committed 176000K, reserved 1245184K
  class space    used 21927K, committed 23296K, reserved 1048576K
}
Event: 81.930 GC heap before
{Heap before GC invocations=75 (full 0):
 garbage-first heap   total 888832K, used 758904K [0x0000000600000000, 0x0000000800000000)
  region size 4096K, 130 young (532480K), 17 survivors (69632K)
 Metaspace       used 178248K, committed 181056K, reserved 1245184K
  class space    used 22462K, committed 23872K, reserved 1048576K
}
Event: 81.959 GC heap after
{Heap after GC invocations=76 (full 0):
 garbage-first heap   total 888832K, used 315327K [0x0000000600000000, 0x0000000800000000)
  region size 4096K, 13 young (53248K), 13 survivors (53248K)
 Metaspace       used 178248K, committed 181056K, reserved 1245184K
  class space    used 22462K, committed 23872K, reserved 1048576K
}
Event: 99.773 GC heap before
{Heap before GC invocations=76 (full 0):
 garbage-first heap   total 888832K, used 790463K [0x0000000600000000, 0x0000000800000000)
  region size 4096K, 130 young (532480K), 13 survivors (53248K)
 Metaspace       used 198331K, committed 201344K, reserved 1245184K
  class space    used 25167K, committed 26624K, reserved 1048576K
}
Event: 99.791 GC heap after
{Heap after GC invocations=77 (full 0):
 garbage-first heap   total 888832K, used 319676K [0x0000000600000000, 0x0000000800000000)
  region size 4096K, 7 young (28672K), 7 survivors (28672K)
 Metaspace       used 198331K, committed 201344K, reserved 1245184K
  class space    used 25167K, committed 26624K, reserved 1048576K
}
Event: 101.399 GC heap before
{Heap before GC invocations=77 (full 0):
 garbage-first heap   total 888832K, used 819388K [0x0000000600000000, 0x0000000800000000)
  region size 4096K, 130 young (532480K), 7 survivors (28672K)
 Metaspace       used 198335K, committed 201344K, reserved 1245184K
  class space    used 25167K, committed 26624K, reserved 1048576K
}
Event: 101.415 GC heap after
{Heap after GC invocations=78 (full 0):
 garbage-first heap   total 888832K, used 332190K [0x0000000600000000, 0x0000000800000000)
  region size 4096K, 10 young (40960K), 10 survivors (40960K)
 Metaspace       used 198335K, committed 201344K, reserved 1245184K
  class space    used 25167K, committed 26624K, reserved 1048576K
}
Event: 102.905 GC heap before
{Heap before GC invocations=79 (full 0):
 garbage-first heap   total 888832K, used 819614K [0x0000000600000000, 0x0000000800000000)
  region size 4096K, 131 young (536576K), 10 survivors (40960K)
 Metaspace       used 198362K, committed 201344K, reserved 1245184K
  class space    used 25170K, committed 26624K, reserved 1048576K
}
Event: 102.927 GC heap after
{Heap after GC invocations=80 (full 0):
 garbage-first heap   total 888832K, used 350492K [0x0000000600000000, 0x0000000800000000)
  region size 4096K, 14 young (57344K), 14 survivors (57344K)
 Metaspace       used 198362K, committed 201344K, reserved 1245184K
  class space    used 25170K, committed 26624K, reserved 1048576K
}
Event: 103.424 GC heap before
{Heap before GC invocations=80 (full 0):
 garbage-first heap   total 888832K, used 825628K [0x0000000600000000, 0x0000000800000000)
  region size 4096K, 130 young (532480K), 14 survivors (57344K)
 Metaspace       used 198363K, committed 201344K, reserved 1245184K
  class space    used 25170K, committed 26624K, reserved 1048576K
}
Event: 103.445 GC heap after
{Heap after GC invocations=81 (full 0):
 garbage-first heap   total 892928K, used 341070K [0x0000000600000000, 0x0000000800000000)
  region size 4096K, 10 young (40960K), 10 survivors (40960K)
 Metaspace       used 198363K, committed 201344K, reserved 1245184K
  class space    used 25170K, committed 26624K, reserved 1048576K
}
Event: 104.213 GC heap before
{Heap before GC invocations=81 (full 0):
 garbage-first heap   total 892928K, used 832590K [0x0000000600000000, 0x0000000800000000)
  region size 4096K, 130 young (532480K), 10 survivors (40960K)
 Metaspace       used 198368K, committed 201344K, reserved 1245184K
  class space    used 25170K, committed 26624K, reserved 1048576K
}
Event: 104.226 GC heap after
{Heap after GC invocations=82 (full 0):
 garbage-first heap   total 892928K, used 336171K [0x0000000600000000, 0x0000000800000000)
  region size 4096K, 9 young (36864K), 9 survivors (36864K)
 Metaspace       used 198368K, committed 201344K, reserved 1245184K
  class space    used 25170K, committed 26624K, reserved 1048576K
}
Event: 104.849 GC heap before
{Heap before GC invocations=83 (full 0):
 garbage-first heap   total 892928K, used 827691K [0x0000000600000000, 0x0000000800000000)
  region size 4096K, 130 young (532480K), 9 survivors (36864K)
 Metaspace       used 198362K, committed 201344K, reserved 1245184K
  class space    used 25166K, committed 26624K, reserved 1048576K
}
Event: 104.861 GC heap after
{Heap after GC invocations=84 (full 0):
 garbage-first heap   total 892928K, used 336869K [0x0000000600000000, 0x0000000800000000)
  region size 4096K, 9 young (36864K), 9 survivors (36864K)
 Metaspace       used 198362K, committed 201344K, reserved 1245184K
  class space    used 25166K, committed 26624K, reserved 1048576K
}
Event: 105.589 GC heap before
{Heap before GC invocations=84 (full 0):
 garbage-first heap   total 892928K, used 832485K [0x0000000600000000, 0x0000000800000000)
  region size 4096K, 130 young (532480K), 9 survivors (36864K)
 Metaspace       used 198363K, committed 201344K, reserved 1245184K
  class space    used 25166K, committed 26624K, reserved 1048576K
}

Dll operation events (14 events):
Event: 0.010 Loaded shared library C:\Users\Ganesan\.vscode\extensions\redhat.java-1.54.0-win32-x64\jre\21.0.10-win32-x86_64\bin\java.dll
Event: 0.053 Loaded shared library C:\Users\Ganesan\.vscode\extensions\redhat.java-1.54.0-win32-x64\jre\21.0.10-win32-x86_64\bin\zip.dll
Event: 0.069 Loaded shared library C:\Users\Ganesan\.vscode\extensions\redhat.java-1.54.0-win32-x64\jre\21.0.10-win32-x86_64\bin\instrument.dll
Event: 0.073 Loaded shared library C:\Users\Ganesan\.vscode\extensions\redhat.java-1.54.0-win32-x64\jre\21.0.10-win32-x86_64\bin\net.dll
Event: 0.076 Loaded shared library C:\Users\Ganesan\.vscode\extensions\redhat.java-1.54.0-win32-x64\jre\21.0.10-win32-x86_64\bin\nio.dll
Event: 0.079 Loaded shared library C:\Users\Ganesan\.vscode\extensions\redhat.java-1.54.0-win32-x64\jre\21.0.10-win32-x86_64\bin\zip.dll
Event: 0.243 Loaded shared library C:\Users\Ganesan\.vscode\extensions\redhat.java-1.54.0-win32-x64\jre\21.0.10-win32-x86_64\bin\jimage.dll
Event: 0.352 Loaded shared library C:\Users\Ganesan\.vscode\extensions\redhat.java-1.54.0-win32-x64\jre\21.0.10-win32-x86_64\bin\verify.dll
Event: 0.423 Loaded shared library D:\flutter_tools\gradle\native\1def1411415f61bf3af743bc5b6707747c0891f09f0c88961ee8f79bc544acac\windows-amd64\native-platform.dll
Event: 0.432 Loaded shared library D:\flutter_tools\gradle\native\0.2.7\x86_64-windows-gnu\gradle-fileevents.dll
Event: 1.002 Loaded shared library C:\Users\Ganesan\.vscode\extensions\redhat.java-1.54.0-win32-x64\jre\21.0.10-win32-x86_64\bin\management.dll
Event: 1.005 Loaded shared library C:\Users\Ganesan\.vscode\extensions\redhat.java-1.54.0-win32-x64\jre\21.0.10-win32-x86_64\bin\management_ext.dll
Event: 1.103 Loaded shared library C:\Users\Ganesan\.vscode\extensions\redhat.java-1.54.0-win32-x64\jre\21.0.10-win32-x86_64\bin\extnet.dll
Event: 1.235 Loaded shared library C:\Users\Ganesan\.vscode\extensions\redhat.java-1.54.0-win32-x64\jre\21.0.10-win32-x86_64\bin\sunmscapi.dll

Deoptimization events (20 events):
Event: 104.173 Thread 0x0000017483d572b0 DEOPT PACKING pc=0x0000017411bce460 sp=0x000000629ecfc5e0
Event: 104.173 Thread 0x0000017483d572b0 DEOPT UNPACKING pc=0x000001740fd84422 sp=0x000000629ecfc598 mode 2
Event: 104.547 Thread 0x0000017483d56c20 DEOPT PACKING pc=0x000001740208e8fe sp=0x000000629ebfbaa0
Event: 104.547 Thread 0x0000017483d56c20 DEOPT UNPACKING pc=0x000001740fd84bc2 sp=0x000000629ebfaf68 mode 0
Event: 104.814 Thread 0x0000017483d5c170 Uncommon trap: trap_request=0xffffffbe fr.pc=0x000001741050cc04 relative=0x0000000000001fc4
Event: 104.814 Thread 0x0000017483d5c170 Uncommon trap: reason=profile_predicate action=maybe_recompile pc=0x000001741050cc04 method=com.google.common.collect.MapMakerInternalMap$Segment.expand()V @ 59 c2
Event: 104.814 Thread 0x0000017483d5c170 DEOPT PACKING pc=0x000001741050cc04 sp=0x000000629f3fbc20
Event: 104.814 Thread 0x0000017483d5c170 DEOPT UNPACKING pc=0x000001740fd84422 sp=0x000000629f3fbbe8 mode 2
Event: 105.025 Thread 0x00000174729ee4c0 DEOPT PACKING pc=0x0000017402107cc1 sp=0x000000629b1f55e0
Event: 105.025 Thread 0x00000174729ee4c0 DEOPT UNPACKING pc=0x000001740fd84bc2 sp=0x000000629b1f4b88 mode 0
Event: 105.192 Thread 0x0000017483d59a10 Uncommon trap: trap_request=0xffffffbe fr.pc=0x000001741050cc04 relative=0x0000000000001fc4
Event: 105.192 Thread 0x0000017483d59a10 Uncommon trap: reason=profile_predicate action=maybe_recompile pc=0x000001741050cc04 method=com.google.common.collect.MapMakerInternalMap$Segment.expand()V @ 59 c2
Event: 105.192 Thread 0x0000017483d59a10 DEOPT PACKING pc=0x000001741050cc04 sp=0x000000629f8fb400
Event: 105.192 Thread 0x0000017483d59a10 DEOPT UNPACKING pc=0x000001740fd84422 sp=0x000000629f8fb3c8 mode 2
Event: 105.239 Thread 0x0000017483d5a0a0 DEOPT PACKING pc=0x0000017402107cc1 sp=0x000000629f5fbc70
Event: 105.239 Thread 0x0000017483d5a0a0 DEOPT UNPACKING pc=0x000001740fd84bc2 sp=0x000000629f5fb218 mode 0
Event: 105.430 Thread 0x0000017483d572b0 Uncommon trap: trap_request=0xffffff45 fr.pc=0x00000174116d88ac relative=0x000000000000052c
Event: 105.430 Thread 0x0000017483d572b0 Uncommon trap: reason=unstable_if action=reinterpret pc=0x00000174116d88ac method=org.objectweb.asm.MethodWriter.visitVarInsn(II)V @ 20 c2
Event: 105.430 Thread 0x0000017483d572b0 DEOPT PACKING pc=0x00000174116d88ac sp=0x000000629ecfacb0
Event: 105.430 Thread 0x0000017483d572b0 DEOPT UNPACKING pc=0x000001740fd84422 sp=0x000000629ecfac58 mode 2

Classes loaded (20 events):
Event: 84.166 Loading class jdk/internal/vm/annotation/Stable
Event: 84.166 Loading class jdk/internal/vm/annotation/Stable done
Event: 84.358 Loading class sun/reflect/MagicAccessorImpl
Event: 84.358 Loading class sun/reflect/MagicAccessorImpl done
Event: 84.392 Loading class java/util/AbstractCollectionBeanInfo
Event: 84.392 Loading class java/util/AbstractCollectionBeanInfo done
Event: 84.392 Loading class java/util/AbstractCollectionBeanInfo
Event: 84.392 Loading class java/util/AbstractCollectionBeanInfo done
Event: 84.392 Loading class java/util/AbstractCollectionCustomizer
Event: 84.392 Loading class java/util/AbstractCollectionCustomizer done
Event: 84.392 Loading class java/util/AbstractCollectionCustomizer
Event: 84.392 Loading class java/util/AbstractCollectionCustomizer done
Event: 85.899 Loading class java/util/regex/Pattern$Pos
Event: 85.899 Loading class java/util/regex/Pattern$Pos done
Event: 101.634 Loading class sun/security/ssl/Alert
Event: 101.634 Loading class sun/security/ssl/Alert done
Event: 101.634 Loading class sun/security/ssl/Alert$AlertConsumer
Event: 101.634 Loading class sun/security/ssl/Alert$AlertConsumer done
Event: 101.634 Loading class sun/security/ssl/Alert$Level
Event: 101.634 Loading class sun/security/ssl/Alert$Level done

Classes unloaded (6 events):
Event: 57.431 Thread 0x000001747fc7a790 Unloading class 0x000001742e3ecc00 'java/lang/invoke/LambdaForm$MH+0x000001742e3ecc00'
Event: 57.431 Thread 0x000001747fc7a790 Unloading class 0x000001742e3ec400 'java/lang/invoke/LambdaForm$MH+0x000001742e3ec400'
Event: 104.466 Thread 0x000001747fc7a790 Unloading class 0x000001742e9e9000 '_BuildScript_$_run_closure1$_closure3'
Event: 104.466 Thread 0x000001747fc7a790 Unloading class 0x000001742e9e8930 '_BuildScript_$_run_closure1$_closure2'
Event: 104.466 Thread 0x000001747fc7a790 Unloading class 0x000001742e9e8540 '_BuildScript_$_run_closure1'
Event: 104.466 Thread 0x000001747fc7a790 Unloading class 0x000001742e9e8000 '_BuildScript_'

Classes redefined (0 events):
No events

Internal exceptions (20 events):
Event: 104.312 Thread 0x0000017483d56c20 Exception <a 'sun/nio/fs/WindowsException'{0x000000063cfea470}> (0x000000063cfea470) 
thrown [s\src\hotspot\share\prims\jni.cpp, line 520]
Event: 104.322 Thread 0x0000017483d5a0a0 Exception <a 'sun/nio/fs/WindowsException'{0x0000000631429620}> (0x0000000631429620) 
thrown [s\src\hotspot\share\prims\jni.cpp, line 520]
Event: 104.355 Thread 0x0000017483d58cf0 Exception <a 'sun/nio/fs/WindowsException'{0x000000063082e038}> (0x000000063082e038) 
thrown [s\src\hotspot\share\prims\jni.cpp, line 520]
Event: 104.362 Thread 0x0000017483d59380 Exception <a 'sun/nio/fs/WindowsException'{0x00000007ff5c4fb0}> (0x00000007ff5c4fb0) 
thrown [s\src\hotspot\share\prims\jni.cpp, line 520]
Event: 104.595 Thread 0x00000174729ee4c0 Exception <a 'sun/nio/fs/WindowsException'{0x000000062d5565b0}> (0x000000062d5565b0) 
thrown [s\src\hotspot\share\prims\jni.cpp, line 520]
Event: 104.598 Thread 0x0000017483d5c170 Exception <a 'sun/nio/fs/WindowsException'{0x000000062ffb6e28}> (0x000000062ffb6e28) 
thrown [s\src\hotspot\share\prims\jni.cpp, line 520]
Event: 104.682 Thread 0x0000017483d5a0a0 Exception <a 'sun/nio/fs/WindowsException'{0x0000000620c538a0}> (0x0000000620c538a0) 
thrown [s\src\hotspot\share\prims\jni.cpp, line 520]
Event: 104.756 Thread 0x0000017483d56c20 Exception <a 'sun/nio/fs/WindowsException'{0x000000061acd07a0}> (0x000000061acd07a0) 
thrown [s\src\hotspot\share\prims\jni.cpp, line 520]
Event: 104.818 Thread 0x0000017483d572b0 Exception <a 'sun/nio/fs/WindowsException'{0x000000061b932350}> (0x000000061b932350) 
thrown [s\src\hotspot\share\prims\jni.cpp, line 520]
Event: 104.839 Thread 0x0000017483d59380 Exception <a 'sun/nio/fs/WindowsException'{0x0000000617cd9b70}> (0x0000000617cd9b70) 
thrown [s\src\hotspot\share\prims\jni.cpp, line 520]
Event: 104.876 Thread 0x0000017483d59a10 Exception <a 'sun/nio/fs/WindowsException'{0x00000007fe034238}> (0x00000007fe034238) 
thrown [s\src\hotspot\share\prims\jni.cpp, line 520]
Event: 105.069 Thread 0x0000017483d5c170 Exception <a 'sun/nio/fs/WindowsException'{0x000000063f93f478}> (0x000000063f93f478) 
thrown [s\src\hotspot\share\prims\jni.cpp, line 520]
Event: 105.157 Thread 0x00000174729ee4c0 Exception <a 'sun/nio/fs/WindowsException'{0x00000006303eddd8}> (0x00000006303eddd8) 
thrown [s\src\hotspot\share\prims\jni.cpp, line 520]
Event: 105.200 Thread 0x0000017483d56c20 Exception <a 'sun/nio/fs/WindowsException'{0x000000062b7215f8}> (0x000000062b7215f8) 
thrown [s\src\hotspot\share\prims\jni.cpp, line 520]
Event: 105.271 Thread 0x0000017483d59a10 Exception <a 'sun/nio/fs/WindowsException'{0x00000006281e1e88}> (0x00000006281e1e88) 
thrown [s\src\hotspot\share\prims\jni.cpp, line 520]
Event: 105.343 Thread 0x0000017483d572b0 Exception <a 'sun/nio/fs/WindowsException'{0x0000000628fe9840}> (0x0000000628fe9840) 
thrown [s\src\hotspot\share\prims\jni.cpp, line 520]
Event: 105.358 Thread 0x0000017483d5a0a0 Exception <a 'sun/nio/fs/WindowsException'{0x0000000626479528}> (0x0000000626479528) 
thrown [s\src\hotspot\share\prims\jni.cpp, line 520]
Event: 105.397 Thread 0x0000017483d5c170 Exception <a 'sun/nio/fs/WindowsException'{0x0000000624df3448}> (0x0000000624df3448) 
thrown [s\src\hotspot\share\prims\jni.cpp, line 520]
Event: 105.411 Thread 0x0000017483d59380 Exception <a 'sun/nio/fs/WindowsException'{0x00000006245be7a8}> (0x00000006245be7a8) 
thrown [s\src\hotspot\share\prims\jni.cpp, line 520]
Event: 105.469 Thread 0x00000174729ee4c0 Exception <a 'sun/nio/fs/WindowsException'{0x000000061f8ecfb8}> (0x000000061f8ecfb8) 
thrown [s\src\hotspot\share\prims\jni.cpp, line 520]

ZGC Phase Switch (0 events):
No events

VM Operations (20 events):
Event: 101.633 Executing safepoint VM operation: G1PauseRemark done
Event: 101.694 Executing safepoint VM operation: G1PauseCleanup
Event: 101.695 Executing safepoint VM operation: G1PauseCleanup done
Event: 102.711 Executing safepoint VM operation: Cleanup
Event: 102.712 Executing safepoint VM operation: Cleanup done
Event: 102.905 Executing safepoint VM operation: G1CollectForAllocation (G1 Evacuation Pause)
Event: 102.905 Executing safepoint VM operation: G1CollectForAllocation (G1 Evacuation Pause) done
Event: 102.905 Executing safepoint VM operation: G1CollectForAllocation (GCLocker Initiated GC)
Event: 102.927 Executing safepoint VM operation: G1CollectForAllocation (GCLocker Initiated GC) done
Event: 103.424 Executing safepoint VM operation: G1CollectForAllocation (G1 Evacuation Pause)
Event: 103.445 Executing safepoint VM operation: G1CollectForAllocation (G1 Evacuation Pause) done
Event: 104.213 Executing safepoint VM operation: G1CollectForAllocation (G1 Evacuation Pause)
Event: 104.226 Executing safepoint VM operation: G1CollectForAllocation (G1 Evacuation Pause) done
Event: 104.465 Executing safepoint VM operation: G1PauseRemark
Event: 104.511 Executing safepoint VM operation: G1PauseRemark done
Event: 104.625 Executing safepoint VM operation: G1PauseCleanup
Event: 104.627 Executing safepoint VM operation: G1PauseCleanup done
Event: 104.849 Executing safepoint VM operation: G1CollectForAllocation (G1 Evacuation Pause)
Event: 104.861 Executing safepoint VM operation: G1CollectForAllocation (G1 Evacuation Pause) done
Event: 105.589 Executing safepoint VM operation: G1CollectForAllocation (G1 Evacuation Pause)

Memory protections (0 events):
No events

Nmethod flushes (20 events):
Event: 104.507 Thread 0x000001747fc7a790 flushing  nmethod 0x0000017404051a90
Event: 104.507 Thread 0x000001747fc7a790 flushing  nmethod 0x0000017404418a90
Event: 104.507 Thread 0x000001747fc7a790 flushing  nmethod 0x0000017404854b90
Event: 104.507 Thread 0x000001747fc7a790 flushing  nmethod 0x0000017404856110
Event: 104.507 Thread 0x000001747fc7a790 flushing  nmethod 0x00000174048bd510
Event: 104.507 Thread 0x000001747fc7a790 flushing  nmethod 0x0000017404a5ea90
Event: 104.507 Thread 0x000001747fc7a790 flushing  nmethod 0x0000017404a5ee90
Event: 104.507 Thread 0x000001747fc7a790 flushing  nmethod 0x0000017404a5f490
Event: 104.507 Thread 0x000001747fc7a790 flushing  nmethod 0x0000017404a5f890
Event: 104.507 Thread 0x000001747fc7a790 flushing  nmethod 0x0000017404a62390
Event: 104.507 Thread 0x000001747fc7a790 flushing  nmethod 0x0000017404a63410
Event: 104.507 Thread 0x000001747fc7a790 flushing  nmethod 0x0000017404a63790
Event: 104.507 Thread 0x000001747fc7a790 flushing  nmethod 0x0000017404a64010
Event: 104.507 Thread 0x000001747fc7a790 flushing  nmethod 0x0000017404a64710
Event: 104.507 Thread 0x000001747fc7a790 flushing  nmethod 0x0000017404a69a10
Event: 104.507 Thread 0x000001747fc7a790 flushing  nmethod 0x0000017404a6a010
Event: 104.507 Thread 0x000001747fc7a790 flushing  nmethod 0x0000017404a6aa10
Event: 104.507 Thread 0x000001747fc7a790 flushing  nmethod 0x0000017404b29790
Event: 104.507 Thread 0x000001747fc7a790 flushing  nmethod 0x0000017404b33890
Event: 104.507 Thread 0x000001747fc7a790 flushing  nmethod 0x0000017404bcb310

Events (20 events):
Event: 82.547 Thread 0x000001748c2e9a70 Thread exited: 0x000001748c2e9a70
Event: 82.727 Thread 0x000001742b57e850 Thread added: 0x0000017474509400
Event: 83.241 Thread 0x000001742b57e850 Thread added: 0x000001747450b610
Event: 83.753 Thread 0x000001747450b610 Thread exited: 0x000001747450b610
Event: 83.753 Thread 0x0000017474509400 Thread exited: 0x0000017474509400
Event: 83.834 Thread 0x000001742b57e850 Thread added: 0x000001748c6fdc20
Event: 83.840 Thread 0x000001742b57e850 Thread added: 0x000001748c6fce80
Event: 84.282 Thread 0x00000174729ee4c0 Thread added: 0x000001748ae1a390
Event: 84.767 Thread 0x000001748c6fce80 Thread exited: 0x000001748c6fce80
Event: 84.782 Thread 0x000001748c6fdc20 Thread exited: 0x000001748c6fdc20
Event: 85.155 Thread 0x0000017489b5f0c0 Thread exited: 0x0000017489b5f0c0
Event: 85.215 Thread 0x000001742b57e850 Thread added: 0x000001748c6fe9c0
Event: 85.382 Thread 0x000001748c6fe9c0 Thread exited: 0x000001748c6fe9c0
Event: 99.729 Thread 0x000001742b57aa10 Thread added: 0x000001748c6fe9c0
Event: 100.723 Thread 0x000001748c6fe9c0 Thread exited: 0x000001748c6fe9c0
Event: 102.390 Thread 0x000001742b57aa10 Thread added: 0x000001748c6fe9c0
Event: 102.467 Thread 0x000001742b57e850 Thread added: 0x000001748c6fdc20
Event: 103.833 Thread 0x000001748c6fdc20 Thread exited: 0x000001748c6fdc20
Event: 104.177 Thread 0x000001742b57aa10 Thread added: 0x000001748c6ff760
Event: 104.547 Thread 0x000001748c6ff760 Thread exited: 0x000001748c6ff760


Dynamic libraries:
0x00007ff7fff60000 - 0x00007ff7fff6e000 	C:\Users\Ganesan\.vscode\extensions\redhat.java-1.54.0-win32-x64\jre\21.0.10-win32-x86_64\bin\java.exe
0x00007ff91db00000 - 0x00007ff91dd67000 	C:\WINDOWS\SYSTEM32\ntdll.dll
0x00007ff91c990000 - 0x00007ff91ca59000 	C:\WINDOWS\System32\KERNEL32.DLL
0x00007ff91b2a0000 - 0x00007ff91b692000 	C:\WINDOWS\System32\KERNELBASE.dll
0x00007ff9179d0000 - 0x00007ff917a6f000 	C:\WINDOWS\SYSTEM32\apphelp.dll
0x00007ff91b150000 - 0x00007ff91b29b000 	C:\WINDOWS\System32\ucrtbase.dll
0x00007ff911e40000 - 0x00007ff911e5e000 	C:\Users\Ganesan\.vscode\extensions\redhat.java-1.54.0-win32-x64\jre\21.0.10-win32-x86_64\bin\VCRUNTIME140.dll
0x00007ff911900000 - 0x00007ff911918000 	C:\Users\Ganesan\.vscode\extensions\redhat.java-1.54.0-win32-x64\jre\21.0.10-win32-x86_64\bin\jli.dll
0x00007ff91b8a0000 - 0x00007ff91ba65000 	C:\WINDOWS\System32\USER32.dll
0x00007ff91a490000 - 0x00007ff91a4b7000 	C:\WINDOWS\System32\win32u.dll
0x00007ff91ca70000 - 0x00007ff91ca9b000 	C:\WINDOWS\System32\GDI32.dll
0x00007ff902c60000 - 0x00007ff902ef3000 	C:\WINDOWS\WinSxS\amd64_microsoft.windows.common-controls_6595b64144ccf1df_6.0.26100.7859_none_3e0affa8e332208c\COMCTL32.dll
0x00007ff91c600000 - 0x00007ff91c6a9000 	C:\WINDOWS\System32\msvcrt.dll
0x00007ff91a4c0000 - 0x00007ff91a5ea000 	C:\WINDOWS\System32\gdi32full.dll
0x00007ff91a3e0000 - 0x00007ff91a483000 	C:\WINDOWS\System32\msvcp_win.dll
0x00007ff91c6b0000 - 0x00007ff91c6e1000 	C:\WINDOWS\System32\IMM32.DLL
0x00007ff9157c0000 - 0x00007ff9157cc000 	C:\Users\Ganesan\.vscode\extensions\redhat.java-1.54.0-win32-x64\jre\21.0.10-win32-x86_64\bin\vcruntime140_1.dll
0x00007ff8fcef0000 - 0x00007ff8fcf7d000 	C:\Users\Ganesan\.vscode\extensions\redhat.java-1.54.0-win32-x64\jre\21.0.10-win32-x86_64\bin\msvcp140.dll
0x00007ff841fe0000 - 0x00007ff842d81000 	C:\Users\Ganesan\.vscode\extensions\redhat.java-1.54.0-win32-x64\jre\21.0.10-win32-x86_64\bin\server\jvm.dll
0x00007ff91c4c0000 - 0x00007ff91c57b000 	C:\WINDOWS\System32\ADVAPI32.dll
0x00007ff91d930000 - 0x00007ff91d9d7000 	C:\WINDOWS\System32\sechost.dll
0x00007ff91d400000 - 0x00007ff91d518000 	C:\WINDOWS\System32\RPCRT4.dll
0x00007ff91c580000 - 0x00007ff91c5f4000 	C:\WINDOWS\System32\WS2_32.dll
0x00007ff91a240000 - 0x00007ff91a29e000 	C:\WINDOWS\SYSTEM32\POWRPROF.dll
0x00007ff911f60000 - 0x00007ff911f6b000 	C:\WINDOWS\SYSTEM32\VERSION.dll
0x00007ff909710000 - 0x00007ff909745000 	C:\WINDOWS\SYSTEM32\WINMM.dll
0x00007ff91a220000 - 0x00007ff91a234000 	C:\WINDOWS\SYSTEM32\UMPDC.dll
0x00007ff919130000 - 0x00007ff91914b000 	C:\WINDOWS\SYSTEM32\kernel.appcore.dll
0x00007ff9118f0000 - 0x00007ff9118fa000 	C:\Users\Ganesan\.vscode\extensions\redhat.java-1.54.0-win32-x64\jre\21.0.10-win32-x86_64\bin\jimage.dll
0x00007ff918300000 - 0x00007ff918542000 	C:\WINDOWS\SYSTEM32\DBGHELP.DLL
0x00007ff91d520000 - 0x00007ff91d8a2000 	C:\WINDOWS\System32\combase.dll
0x00007ff91ba70000 - 0x00007ff91bb47000 	C:\WINDOWS\System32\OLEAUT32.dll
0x00007ff8e1320000 - 0x00007ff8e135b000 	C:\WINDOWS\SYSTEM32\dbgcore.DLL
0x00007ff91b7f0000 - 0x00007ff91b895000 	C:\WINDOWS\System32\bcryptPrimitives.dll
0x00007ff9118e0000 - 0x00007ff9118ef000 	C:\Users\Ganesan\.vscode\extensions\redhat.java-1.54.0-win32-x64\jre\21.0.10-win32-x86_64\bin\instrument.dll
0x00007ff9118c0000 - 0x00007ff9118e0000 	C:\Users\Ganesan\.vscode\extensions\redhat.java-1.54.0-win32-x64\jre\21.0.10-win32-x86_64\bin\java.dll
0x00007ff91cc90000 - 0x00007ff91d3f0000 	C:\WINDOWS\System32\SHELL32.dll
0x00007ff91afe0000 - 0x00007ff91b14a000 	C:\WINDOWS\System32\wintypes.dll
0x00007ff91a5f0000 - 0x00007ff91ae56000 	C:\WINDOWS\System32\windows.storage.dll
0x00007ff91bb60000 - 0x00007ff91bc59000 	C:\WINDOWS\System32\SHCORE.dll
0x00007ff91d8b0000 - 0x00007ff91d917000 	C:\WINDOWS\System32\shlwapi.dll
0x00007ff91a300000 - 0x00007ff91a328000 	C:\WINDOWS\SYSTEM32\profapi.dll
0x00007ff9118a0000 - 0x00007ff9118b8000 	C:\Users\Ganesan\.vscode\extensions\redhat.java-1.54.0-win32-x64\jre\21.0.10-win32-x86_64\bin\zip.dll
0x00007ff911810000 - 0x00007ff911820000 	C:\Users\Ganesan\.vscode\extensions\redhat.java-1.54.0-win32-x64\jre\21.0.10-win32-x86_64\bin\net.dll
0x00007ff911ac0000 - 0x00007ff911be7000 	C:\WINDOWS\SYSTEM32\WINHTTP.dll
0x00007ff9196b0000 - 0x00007ff91971b000 	C:\WINDOWS\system32\mswsock.dll
0x00007ff9117f0000 - 0x00007ff911806000 	C:\Users\Ganesan\.vscode\extensions\redhat.java-1.54.0-win32-x64\jre\21.0.10-win32-x86_64\bin\nio.dll
0x00007ff907290000 - 0x00007ff9072a0000 	C:\Users\Ganesan\.vscode\extensions\redhat.java-1.54.0-win32-x64\jre\21.0.10-win32-x86_64\bin\verify.dll
0x00007ff906350000 - 0x00007ff906377000 	D:\flutter_tools\gradle\native\1def1411415f61bf3af743bc5b6707747c0891f09f0c88961ee8f79bc544acac\windows-amd64\native-platform.dll
0x00007ff8bbcf0000 - 0x00007ff8bbd68000 	D:\flutter_tools\gradle\native\0.2.7\x86_64-windows-gnu\gradle-fileevents.dll
0x00007ff907280000 - 0x00007ff90728a000 	C:\Users\Ganesan\.vscode\extensions\redhat.java-1.54.0-win32-x64\jre\21.0.10-win32-x86_64\bin\management.dll
0x00007ff906330000 - 0x00007ff90633c000 	C:\Users\Ganesan\.vscode\extensions\redhat.java-1.54.0-win32-x64\jre\21.0.10-win32-x86_64\bin\management_ext.dll
0x00007ff91d920000 - 0x00007ff91d928000 	C:\WINDOWS\System32\PSAPI.DLL
0x00007ff918b00000 - 0x00007ff918b33000 	C:\WINDOWS\SYSTEM32\IPHLPAPI.DLL
0x00007ff91c810000 - 0x00007ff91c81a000 	C:\WINDOWS\System32\NSI.dll
0x00007ff906310000 - 0x00007ff906319000 	C:\Users\Ganesan\.vscode\extensions\redhat.java-1.54.0-win32-x64\jre\21.0.10-win32-x86_64\bin\extnet.dll
0x00007ff9199b0000 - 0x00007ff9199cb000 	C:\WINDOWS\SYSTEM32\CRYPTSP.dll
0x00007ff919090000 - 0x00007ff9190c9000 	C:\WINDOWS\system32\rsaenh.dll
0x00007ff919780000 - 0x00007ff9197b2000 	C:\WINDOWS\SYSTEM32\USERENV.dll
0x00007ff91a2d0000 - 0x00007ff91a2fa000 	C:\WINDOWS\SYSTEM32\bcrypt.dll
0x00007ff9199d0000 - 0x00007ff9199dc000 	C:\WINDOWS\SYSTEM32\CRYPTBASE.dll
0x00007ff906320000 - 0x00007ff90632e000 	C:\Users\Ganesan\.vscode\extensions\redhat.java-1.54.0-win32-x64\jre\21.0.10-win32-x86_64\bin\sunmscapi.dll
0x00007ff91ae60000 - 0x00007ff91afd7000 	C:\WINDOWS\System32\CRYPT32.dll
0x00007ff919bd0000 - 0x00007ff919c00000 	C:\WINDOWS\SYSTEM32\ncrypt.dll
0x00007ff919b80000 - 0x00007ff919bbf000 	C:\WINDOWS\SYSTEM32\NTASN1.dll
0x00007ff86fd20000 - 0x00007ff86fd28000 	C:\WINDOWS\system32\wshunix.dll
0x00007ff8e9f40000 - 0x00007ff8e9f58000 	C:\WINDOWS\system32\napinsp.dll
0x00007ff918b90000 - 0x00007ff918cba000 	C:\WINDOWS\SYSTEM32\DNSAPI.dll
0x00007ff8e97f0000 - 0x00007ff8e9802000 	C:\WINDOWS\System32\winrnr.dll
0x00007ff8df9a0000 - 0x00007ff8df9c2000 	C:\WINDOWS\system32\nlansp_c.dll
0x00007ff8e7380000 - 0x00007ff8e7396000 	C:\WINDOWS\system32\wshbth.dll
0x00007ff90af00000 - 0x00007ff90af0b000 	C:\Windows\System32\rasadhlp.dll
0x00007ff90e170000 - 0x00007ff90e1f6000 	C:\WINDOWS\System32\fwpuclnt.dll
0x00007ff919250000 - 0x00007ff919286000 	C:\WINDOWS\SYSTEM32\ntmarta.dll

JVMTI agents:
D:\flutter_tools\gradle\wrapper\dists\gradle-8.14-all\c2qonpi39x1mddn7hk5gh9iqj\gradle-8.14\lib\agents\gradle-instrumentation-agent-8.14.jar path:C:\Users\Ganesan\.vscode\extensions\redhat.java-1.54.0-win32-x64\jre\21.0.10-win32-x86_64\bin\instrument.dll, loaded, initialized, instrumentlib options:none

dbghelp: loaded successfully - version: 4.0.5 - missing functions: none
symbol engine: initialized successfully - sym options: 0x614 - pdb path: .;C:\Users\Ganesan\.vscode\extensions\redhat.java-1.54.0-win32-x64\jre\21.0.10-win32-x86_64\bin;C:\WINDOWS\SYSTEM32;C:\WINDOWS\WinSxS\amd64_microsoft.windows.common-controls_6595b64144ccf1df_6.0.26100.7859_none_3e0affa8e332208c;C:\Users\Ganesan\.vscode\extensions\redhat.java-1.54.0-win32-x64\jre\21.0.10-win32-x86_64\bin\server;D:\flutter_tools\gradle\native\1def1411415f61bf3af743bc5b6707747c0891f09f0c88961ee8f79bc544acac\windows-amd64;D:\flutter_tools\gradle\native\0.2.7\x86_64-windows-gnu

VM Arguments:
jvm_args: --add-opens=java.base/java.lang=ALL-UNNAMED --add-opens=java.base/java.lang.invoke=ALL-UNNAMED --add-opens=java.base/java.util=ALL-UNNAMED --add-opens=java.prefs/java.util.prefs=ALL-UNNAMED --add-exports=jdk.compiler/com.sun.tools.javac.api=ALL-UNNAMED --add-exports=jdk.compiler/com.sun.tools.javac.util=ALL-UNNAMED --add-opens=java.base/java.util=ALL-UNNAMED --add-opens=java.prefs/java.util.prefs=ALL-UNNAMED --add-opens=java.base/java.nio.charset=ALL-UNNAMED --add-opens=java.base/java.net=ALL-UNNAMED --add-opens=java.base/java.util.concurrent.atomic=ALL-UNNAMED --add-opens=java.xml/javax.xml.namespace=ALL-UNNAMED -XX:MaxMetaspaceSize=4G -XX:ReservedCodeCacheSize=512m -XX:+HeapDumpOnOutOfMemoryError --enable-native-access=ALL-UNNAMED -Xmx8G -Dfile.encoding=UTF-8 -Duser.country=US -Duser.language=en -Duser.variant -javaagent:D:\flutter_tools\gradle\wrapper\dists\gradle-8.14-all\c2qonpi39x1mddn7hk5gh9iqj\gradle-8.14\lib\agents\gradle-instrumentation-agent-8.14.jar 
java_command: org.gradle.launcher.daemon.bootstrap.GradleDaemon 8.14
java_class_path (initial): D:\flutter_tools\gradle\wrapper\dists\gradle-8.14-all\c2qonpi39x1mddn7hk5gh9iqj\gradle-8.14\lib\gradle-daemon-main-8.14.jar
Launcher Type: SUN_STANDARD

[Global flags]
     intx CICompilerCount                          = 4                                         {product} {ergonomic}
     uint ConcGCThreads                            = 2                                         {product} {ergonomic}
     uint G1ConcRefinementThreads                  = 8                                         {product} {ergonomic}
   size_t G1HeapRegionSize                         = 4194304                                   {product} {ergonomic}
    uintx GCDrainStackTargetSize                   = 64                                        {product} {ergonomic}
     bool HeapDumpOnOutOfMemoryError               = true                                   {manageable} {command line}
   size_t InitialHeapSize                          = 268435456                                 {product} {ergonomic}
   size_t MarkStackSize                            = 4194304                                   {product} {ergonomic}
   size_t MaxHeapSize                              = 8589934592                                {product} {command line}
   size_t MaxMetaspaceSize                         = 4294967296                                {product} {command line}
   size_t MaxNewSize                               = 5150605312                                {product} {ergonomic}
   size_t MinHeapDeltaBytes                        = 4194304                                   {product} {ergonomic}
   size_t MinHeapSize                              = 8388608                                   {product} {ergonomic}
    uintx NonNMethodCodeHeapSize                   = 5839372                                {pd product} {ergonomic}
    uintx NonProfiledCodeHeapSize                  = 265515770                              {pd product} {ergonomic}
    uintx ProfiledCodeHeapSize                     = 265515770                              {pd product} {ergonomic}
    uintx ReservedCodeCacheSize                    = 536870912                              {pd product} {command line}
     bool SegmentedCodeCache                       = true                                      {product} {ergonomic}
   size_t SoftMaxHeapSize                          = 8589934592                             {manageable} {ergonomic}
     bool UseCompressedOops                        = true                           {product lp64_product} {ergonomic}
     bool UseG1GC                                  = true                                      {product} {ergonomic}
     bool UseLargePagesIndividualAllocation        = false                                  {pd product} {ergonomic}

Logging:
Log output configuration:
 #0: stdout all=warning uptime,level,tags foldmultilines=false
 #1: stderr all=off uptime,level,tags foldmultilines=false

Release file:
JAVA_VERSION="21.0.10" 
MODULES="java.base java.compiler java.datatransfer java.xml java.prefs java.desktop java.instrument java.logging java.management java.security.sasl java.naming java.rmi java.management.rmi java.net.http java.scripting java.security.jgss java.transaction.xa java.sql java.sql.rowset java.xml.crypto java.se java.smartcardio jdk.accessibility jdk.internal.jvmstat jdk.attach jdk.charsets jdk.internal.opt jdk.zipfs jdk.compiler jdk.crypto.ec jdk.crypto.cryptoki jdk.crypto.mscapi jdk.dynalink jdk.internal.ed jdk.editpad jdk.hotspot.agent jdk.httpserver jdk.internal.le jdk.internal.vm.ci jdk.internal.vm.compiler jdk.internal.vm.compiler.management jdk.jartool jdk.javadoc jdk.jcmd jdk.management jdk.management.agent jdk.jconsole jdk.jdeps jdk.jdwp.agent jdk.jdi jdk.jfr jdk.jshell jdk.jsobject jdk.jstatd jdk.localedata jdk.management.jfr jdk.naming.dns jdk.naming.rmi jdk.net jdk.nio.mapmode jdk.random jdk.sctp jdk.security.auth jdk.security.jgss jdk.unsupported jdk.unsupported.desktop jdk.xml.dom" 

Environment Variables:
PATH=C:\Users\Ganesan\AppData\Local\Programs\Microsoft VS Code;C:\Program Files\Microsoft\jdk-17.0.13.11-hotspot\bin;C:\MinGW\bin;C:\Program Files\Common Files\Oracle\Java\javapath;C:\Program Files (x86)\Common Files\Intel\Shared Libraries\redist\intel64\compiler;C:\Windows\system32;C:\Windows;C:\Windows\System32\Wbem;C:\Windows\System32\WindowsPowerShell\v1.0\;C:\Windows\System32\OpenSSH\;C:\Program Files (x86)\NVIDIA Corporation\PhysX\Common;C:\WINDOWS\system32;C:\WINDOWS;C:\WINDOWS\System32\Wbem;C:\WINDOWS\System32\WindowsPowerShell\v1.0\;C:\WINDOWS\System32\OpenSSH\;C:\Program Files\Microsoft SQL Server\150\Tools\Binn\;C:\Program Files\dotnet\;C:\Program Files\NVIDIA Corporation\NVIDIA app\NvDLISR;C:\Program Files\nodejs\;D:\cursor\resources\app\bin;C:\Program Files\Git\cmd;C:\Program Files (x86)\Windows Kits\10\Windows Performance Toolkit\;D:\runtime\win64;D:\bin;C:\Program Files\Microsoft SQL Server\170\Tools\Binn\;C:\Program Files\Microsoft SQL Server\Client SDK\ODBC\170\Tools\Binn\;C:\Program Files\WireGuard\;C:\Users\Ganesan\.cargo\bin;C:\Users\Ganesan\AppData\Local\Programs\Python\Python310\Scripts\;C:\Users\Ganesan\AppData\Local\Programs\Python\Python310\;C:\Users\Ganesan\AppData\Local\Microsoft\WindowsApps;C:\Users\Ganesan\AppData\Local\Programs\Microsoft VS Code\bin;C:\Program Files\JetBrains\IntelliJ IDEA Community Edition 2022.1.3\bin;C:\src\flutter\bin;C:\Users\Ganesan\AppData\Local\JetBrains\Toolbox\scripts;D:\IntelliJ IDEA Community Edition 2024.3\bin;;C:\Users\Ganesan\AppData\Local\Microsoft\WindowsApps;C:\Users\Ganesan\AppData\Roaming\npm;C:\Program Files\PostgreSQL\18\bin;C:\Users\Ganesan\.dotnet\tools;D:\Downloads from chrome\ninja-win;D:\Antigravity\bin;D:\flutter\bin
USERNAME=Ganesan
OS=Windows_NT
PROCESSOR_IDENTIFIER=Intel64 Family 6 Model 165 Stepping 2, GenuineIntel
TMP=C:\Users\Ganesan\AppData\Local\Temp
TEMP=C:\Users\Ganesan\AppData\Local\Temp




Periodic native trim disabled

---------------  S Y S T E M  ---------------

OS:
 Windows 11 , 64 bit Build 26100 (10.0.26100.7859)
OS uptime: 2 days 1:59 hours
Hyper-V role detected

CPU: total 8 (initial active 8) (4 cores per cpu, 2 threads per core) family 6 model 165 stepping 2 microcode 0xe0, cx8, cmov, fxsr, ht, mmx, 3dnowpref, sse, sse2, sse3, ssse3, sse4.1, sse4.2, popcnt, lzcnt, tsc, tscinvbit, avx, avx2, aes, erms, clmul, bmi1, bmi2, adx, fma, vzeroupper, clflush, clflushopt, hv, rdtscp, f16c
Processor Information for the first 8 processors :
  Max Mhz: 2496, Current Mhz: 2496, Mhz Limit: 2496

Memory: 4k page, system-wide physical 16221M (766M free)
TotalPageFile size 21998M (AvailPageFile size 117M)
current process WorkingSet (physical memory assigned to process): 1445M, peak: 1450M
current process commit charge ("private bytes"): 1478M, peak: 1654M

vm_info: OpenJDK 64-Bit Server VM (21.0.10+7-LTS) for windows-amd64 JRE (21.0.10+7-LTS), built on 2026-01-20T00:00:00Z by "admin" with MS VC++ 17.12 (VS2022)

END.
